order_date,product_category,product_name,channel,region,quantity,unit_price,discount_pct,revenue,return_flag,days_to_ship
2024-10-06,Electronics,Wireless Earbuds,Organic Search,West,3,159.2,0.0,477.6,False,6
2024-10-14,Sports,Resistance Bands,Paid Search,International,1,15.59,0.05,14.81,False,1
2024-03-22,Beauty,Eye Cream,Referral,Southwest,2,42.1,0.1,75.78,False,1
2024-02-19,Home & Garden,Plant Pot,Email,Midwest,2,60.68,0.1,109.22,False,4
2024-02-10,Beauty,SPF Moisturizer,Direct,Midwest,1,60.89,0.25,45.67,False,4
2024-05-28,Beauty,SPF Moisturizer,Organic Search,Southeast,5,24.88,0.0,124.4,True,2
2024-04-17,Electronics,USB-C Hub,Referral,Midwest,3,253.03,0.1,683.18,False,3
2024-05-18,Electronics,Webcam,Referral,International,2,289.36,0.05,549.78,False,4
2024-06-10,Beauty,Hair Mask,Social Media,Midwest,3,68.47,0.0,205.41,False,1
2024-07-21,Electronics,Smart Watch,Referral,Southwest,5,443.37,0.1,1995.16,False,4
2024-10-26,Clothing,Fleece Jacket,Social Media,West,2,48.05,0.25,72.07,False,6
2024-01-25,Sports,Jump Rope,Organic Search,Southeast,2,88.78,0.0,177.56,False,1
2024-09-27,Clothing,Cotton Tee,Email,West,5,23.51,0.15,99.92,False,4
2024-03-21,Electronics,Wireless Earbuds,Social Media,Northeast,5,386.9,0.1,1741.05,False,4
2024-11-23,Home & Garden,LED Strip,Direct,West,2,130.84,0.0,261.68,False,3
2024-01-01,Clothing,Yoga Pants,Direct,Midwest,3,117.18,0.25,263.66,False,5
2024-10-17,Sports,Resistance Bands,Organic Search,Northeast,1,83.26,0.1,74.93,False,2
2024-03-25,Sports,Resistance Bands,Email,West,5,70.03,0.0,350.15,False,5
2024-12-09,Beauty,Eye Cream,Referral,Midwest,2,74.24,0.05,141.06,False,4
2024-10-28,Sports,Gym Gloves,Direct,Southeast,4,17.8,0.05,67.64,True,1
2024-06-18,Beauty,Hair Mask,Organic Search,West,1,16.76,0.0,16.76,False,1
2024-10-22,Clothing,Fleece Jacket,Social Media,Southeast,4,43.71,0.0,174.84,False,5
2024-08-27,Sports,Water Bottle,Referral,Northeast,2,15.64,0.15,26.59,False,4
2024-10-01,Electronics,Wireless Earbuds,Social Media,Southeast,4,376.7,0.0,1506.8,False,2
2024-10-08,Sports,Foam Roller,Organic Search,Northeast,3,45.47,0.0,136.41,False,7
2024-09-03,Beauty,Face Serum,Paid Search,Southwest,1,74.07,0.05,70.37,False,4
2024-08-20,Electronics,Smart Watch,Email,Southwest,4,49.97,0.15,169.9,False,7
2024-10-04,Beauty,Eye Cream,Organic Search,International,2,24.72,0.05,46.97,False,5
2024-03-21,Home & Garden,Air Purifier,Organic Search,West,1,149.2,0.25,111.9,False,5
2024-05-06,Electronics,Smart Watch,Direct,West,1,316.77,0.05,300.93,False,5
2024-04-14,Electronics,Webcam,Referral,International,1,237.65,0.25,178.24,False,3
2024-02-07,Home & Garden,Scented Candle,Organic Search,Southwest,3,103.99,0.1,280.77,False,7
2024-06-27,Beauty,Body Scrub,Organic Search,Southeast,1,16.91,0.05,16.06,False,2
2024-11-30,Home & Garden,Plant Pot,Direct,Northeast,2,114.16,0.25,171.24,False,5
2024-10-10,Beauty,SPF Moisturizer,Paid Search,Midwest,1,74.91,0.0,74.91,False,1
2024-05-15,Home & Garden,LED Strip,Direct,Southwest,2,181.23,0.05,344.34,False,7
2024-03-07,Home & Garden,Air Purifier,Referral,Midwest,1,161.23,0.1,145.11,True,3
2024-12-19,Clothing,Cotton Tee,Paid Search,West,5,109.56,0.25,410.85,True,1
2024-07-05,Electronics,Laptop Stand,Organic Search,Midwest,5,297.64,0.15,1264.97,False,3
2024-11-13,Clothing,Yoga Pants,Referral,Southeast,1,62.39,0.25,46.79,False,4
2024-07-29,Clothing,Yoga Pants,Referral,International,2,133.11,0.0,266.22,False,3
2024-08-28,Clothing,Fleece Jacket,Paid Search,Southeast,2,120.51,0.0,241.02,False,1
2024-04-08,Sports,Jump Rope,Social Media,Midwest,3,74.46,0.05,212.21,False,6
2024-10-01,Home & Garden,Air Purifier,Email,Northeast,3,93.28,0.25,209.88,False,7
2024-08-10,Electronics,Laptop Stand,Email,International,2,310.27,0.1,558.49,True,5
2024-04-07,Home & Garden,Throw Pillow,Email,Northeast,5,245.22,0.0,1226.1,False,5
2024-12-09,Sports,Resistance Bands,Paid Search,Midwest,5,82.97,0.25,311.14,False,6
2024-09-16,Sports,Resistance Bands,Email,International,3,58.48,0.0,175.44,False,3
2024-12-06,Sports,Jump Rope,Social Media,International,4,64.47,0.25,193.41,False,4
2024-05-26,Clothing,Sneakers,Paid Search,Southwest,5,55.33,0.25,207.49,False,3
2024-08-30,Beauty,Body Scrub,Referral,Southeast,3,43.15,0.2,103.56,False,5
2024-04-30,Electronics,Laptop Stand,Referral,Midwest,5,347.73,0.1,1564.79,False,7
2024-02-07,Clothing,Yoga Pants,Social Media,Southwest,2,18.27,0.05,34.71,False,5
2024-01-03,Beauty,Hair Mask,Organic Search,Southwest,4,45.12,0.05,171.46,False,6
2024-03-03,Clothing,Yoga Pants,Social Media,Southeast,5,77.25,0.25,289.69,False,7
2024-09-15,Sports,Gym Gloves,Social Media,West,5,56.23,0.2,224.92,False,6
2024-09-23,Sports,Foam Roller,Social Media,International,4,44.46,0.05,168.95,False,3
2024-06-12,Clothing,Fleece Jacket,Direct,Northeast,4,25.38,0.1,91.37,False,3
2024-07-31,Clothing,Yoga Pants,Social Media,Midwest,2,66.33,0.0,132.66,False,1
2024-10-26,Beauty,Eye Cream,Referral,Northeast,4,16.17,0.15,54.98,False,7
2024-08-02,Beauty,Eye Cream,Direct,International,4,12.4,0.1,44.64,False,4
2024-07-18,Beauty,Body Scrub,Email,International,2,44.71,0.1,80.48,False,1
2024-10-30,Sports,Foam Roller,Direct,International,4,82.48,0.25,247.44,True,4
2024-07-13,Electronics,Wireless Earbuds,Email,Southeast,4,110.06,0.2,352.19,False,3
2024-08-03,Sports,Jump Rope,Email,Northeast,3,69.66,0.15,177.63,False,7
2024-11-29,Sports,Resistance Bands,Organic Search,Northeast,5,12.22,0.1,54.99,False,1
2024-02-28,Clothing,Yoga Pants,Direct,Southeast,1,98.26,0.05,93.35,False,6
2024-06-08,Sports,Jump Rope,Organic Search,West,3,21.59,0.0,64.77,False,2
2024-04-11,Electronics,Laptop Stand,Organic Search,West,5,353.81,0.15,1503.69,False,6
2024-01-22,Clothing,Running Shorts,Email,West,3,128.94,0.0,386.82,False,5
2024-09-07,Sports,Jump Rope,Organic Search,Southwest,1,48.98,0.1,44.08,True,4
2024-11-11,Home & Garden,Throw Pillow,Direct,Southwest,2,113.52,0.25,170.28,False,3
2024-05-22,Sports,Water Bottle,Social Media,Southeast,5,29.74,0.05,141.26,False,1
2024-06-15,Sports,Gym Gloves,Paid Search,Southwest,5,62.12,0.1,279.54,True,7
2024-04-07,Clothing,Fleece Jacket,Organic Search,Southeast,3,60.61,0.1,163.65,False,5
2024-08-17,Sports,Water Bottle,Organic Search,Northeast,5,69.41,0.2,277.64,False,4
2024-08-30,Home & Garden,Scented Candle,Direct,West,4,175.03,0.1,630.11,False,3
2024-04-28,Home & Garden,Throw Pillow,Organic Search,International,5,88.39,0.2,353.56,False,3
2024-09-04,Clothing,Fleece Jacket,Email,International,1,114.55,0.0,114.55,False,6
2024-04-26,Beauty,Body Scrub,Email,Southeast,5,30.96,0.0,154.8,False,3
2024-05-29,Home & Garden,Air Purifier,Referral,Southeast,5,39.38,0.0,196.9,False,5
2024-04-04,Sports,Resistance Bands,Organic Search,Midwest,1,54.5,0.2,43.6,False,3
2024-01-28,Sports,Resistance Bands,Paid Search,Southeast,1,40.46,0.0,40.46,False,6
2024-11-06,Beauty,SPF Moisturizer,Direct,West,1,78.59,0.0,78.59,False,4
2024-08-07,Clothing,Sneakers,Email,West,4,75.37,0.2,241.18,False,5
2024-11-16,Beauty,Face Serum,Paid Search,Midwest,5,76.33,0.0,381.65,False,2
2024-08-18,Electronics,Smart Watch,Referral,West,2,127.22,0.0,254.44,False,4
2024-02-06,Sports,Jump Rope,Referral,Southeast,1,26.75,0.1,24.07,False,4
2024-05-16,Home & Garden,LED Strip,Paid Search,Northeast,2,111.03,0.25,166.55,False,2
2024-12-18,Electronics,Smart Watch,Email,International,3,316.77,0.1,855.28,False,4
2024-08-09,Sports,Jump Rope,Referral,Midwest,5,51.74,0.2,206.96,True,1
2024-05-17,Beauty,SPF Moisturizer,Direct,Northeast,1,18.12,0.0,18.12,False,6
2024-08-11,Clothing,Cotton Tee,Referral,Southwest,5,102.3,0.1,460.35,False,5
2024-03-23,Electronics,USB-C Hub,Email,Southwest,3,232.76,0.1,628.45,False,7
2024-06-10,Sports,Jump Rope,Email,Midwest,4,73.9,0.25,221.7,True,1
2024-08-24,Electronics,USB-C Hub,Social Media,Northeast,5,420.22,0.0,2101.1,False,5
2024-01-27,Clothing,Sneakers,Paid Search,Midwest,3,98.43,0.2,236.23,False,7
2024-11-07,Beauty,Hair Mask,Paid Search,International,3,41.35,0.2,99.24,False,6
2024-02-28,Clothing,Fleece Jacket,Social Media,Northeast,5,16.83,0.15,71.53,False,7
2024-08-29,Clothing,Cotton Tee,Paid Search,Southwest,3,83.19,0.1,224.61,False,4
2024-02-05,Beauty,Hair Mask,Email,Southwest,4,24.77,0.25,74.31,False,2
2024-10-27,Home & Garden,LED Strip,Direct,International,3,205.93,0.1,556.01,False,7
2024-10-05,Sports,Foam Roller,Social Media,Southwest,4,51.63,0.1,185.87,False,7
2024-01-23,Home & Garden,Scented Candle,Email,International,2,146.23,0.05,277.84,False,4
2024-03-05,Sports,Water Bottle,Direct,West,4,88.06,0.0,352.24,False,1
2024-07-28,Home & Garden,Air Purifier,Referral,Southeast,4,32.93,0.2,105.38,True,2
2024-06-17,Electronics,USB-C Hub,Referral,West,3,201.35,0.15,513.44,False,7
2024-11-19,Sports,Jump Rope,Referral,Midwest,4,78.66,0.0,314.64,False,2
2024-06-02,Clothing,Running Shorts,Organic Search,Northeast,4,146.1,0.0,584.4,False,6
2024-07-29,Home & Garden,Air Purifier,Direct,International,3,95.03,0.15,242.33,False,5
2024-09-11,Clothing,Yoga Pants,Direct,Southeast,2,25.58,0.15,43.49,False,2
2024-05-27,Clothing,Cotton Tee,Referral,West,3,76.58,0.0,229.74,False,4
2024-12-19,Clothing,Running Shorts,Email,Southwest,4,141.66,0.1,509.98,False,4
2024-07-02,Home & Garden,Scented Candle,Direct,Midwest,4,213.8,0.0,855.2,False,5
2024-09-11,Home & Garden,Air Purifier,Email,Southeast,4,74.88,0.0,299.52,False,6
2024-12-03,Beauty,SPF Moisturizer,Referral,Southeast,2,54.65,0.1,98.37,False,6
2024-03-08,Electronics,Wireless Earbuds,Organic Search,Midwest,3,403.87,0.0,1211.61,False,6
2024-09-28,Home & Garden,Throw Pillow,Direct,Midwest,2,57.19,0.25,85.78,False,3
2024-02-28,Clothing,Fleece Jacket,Social Media,Northeast,4,144.63,0.1,520.67,False,3
2024-07-21,Clothing,Yoga Pants,Organic Search,Midwest,4,144.61,0.25,433.83,False,7
2024-11-22,Beauty,Face Serum,Email,Northeast,4,36.7,0.1,132.12,False,7
2024-04-23,Clothing,Cotton Tee,Referral,Northeast,1,98.02,0.25,73.52,False,5
2024-09-09,Sports,Jump Rope,Organic Search,Northeast,4,17.45,0.0,69.8,False,3
2024-12-22,Clothing,Sneakers,Direct,Southwest,2,67.08,0.1,120.74,False,6
2024-01-17,Beauty,Hair Mask,Referral,Midwest,4,55.88,0.2,178.82,False,3
2024-07-07,Clothing,Cotton Tee,Direct,International,4,142.37,0.1,512.53,False,6
2024-08-20,Home & Garden,Air Purifier,Organic Search,International,4,75.21,0.0,300.84,False,7
2024-10-16,Clothing,Sneakers,Paid Search,Northeast,1,21.78,0.1,19.6,False,2
2024-11-01,Beauty,Hair Mask,Organic Search,Midwest,5,26.47,0.05,125.73,False,2
2024-01-14,Clothing,Yoga Pants,Paid Search,Northeast,5,48.59,0.0,242.95,False,7
2024-08-03,Home & Garden,Scented Candle,Direct,Northeast,5,86.71,0.0,433.55,False,2
2024-09-14,Electronics,USB-C Hub,Paid Search,West,4,399.11,0.25,1197.33,False,4
2024-07-24,Electronics,Webcam,Social Media,International,3,255.12,0.0,765.36,True,4
2024-02-03,Electronics,USB-C Hub,Paid Search,Midwest,4,82.07,0.0,328.28,False,2
2024-05-30,Beauty,Body Scrub,Social Media,West,5,59.71,0.15,253.77,False,5
2024-10-09,Beauty,Eye Cream,Referral,Southeast,1,65.14,0.0,65.14,False,6
2024-02-18,Sports,Water Bottle,Email,Southwest,2,41.52,0.2,66.43,False,6
2024-02-13,Home & Garden,Plant Pot,Organic Search,Southwest,3,237.86,0.2,570.86,True,7
2024-03-03,Electronics,Laptop Stand,Social Media,Midwest,2,299.37,0.25,449.06,False,6
2024-04-18,Sports,Resistance Bands,Paid Search,International,3,56.63,0.1,152.9,False,5
2024-05-22,Sports,Foam Roller,Direct,Southeast,1,36.36,0.25,27.27,False,7
2024-12-21,Sports,Gym Gloves,Email,Northeast,5,57.7,0.25,216.38,True,6
2024-03-14,Clothing,Fleece Jacket,Direct,International,3,138.49,0.1,373.92,True,7
2024-04-20,Sports,Resistance Bands,Social Media,Southwest,2,68.02,0.0,136.04,False,5
2024-11-01,Sports,Jump Rope,Organic Search,Northeast,2,37.97,0.1,68.35,False,5
2024-08-05,Clothing,Yoga Pants,Social Media,West,5,21.67,0.0,108.35,False,6
2024-02-26,Sports,Water Bottle,Email,International,3,25.46,0.25,57.28,False,4
2024-01-29,Beauty,Eye Cream,Organic Search,Southeast,5,56.7,0.0,283.5,False,5
2024-09-11,Home & Garden,Scented Candle,Referral,Southwest,2,192.4,0.1,346.32,False,1
2024-12-08,Clothing,Yoga Pants,Email,Northeast,4,86.37,0.05,328.21,False,7
2024-08-07,Sports,Resistance Bands,Direct,Southwest,4,9.52,0.0,38.08,False,5
2024-08-23,Sports,Jump Rope,Referral,Midwest,1,40.81,0.1,36.73,False,5
2024-06-07,Electronics,USB-C Hub,Referral,Midwest,1,158.49,0.15,134.72,False,4
2024-06-27,Clothing,Fleece Jacket,Email,International,2,25.23,0.0,50.46,False,2
2024-12-01,Clothing,Yoga Pants,Organic Search,Southeast,1,34.62,0.05,32.89,False,2
2024-11-25,Sports,Water Bottle,Referral,West,5,69.55,0.2,278.2,False,5
2024-05-20,Home & Garden,Plant Pot,Direct,Northeast,2,114.54,0.2,183.26,False,3
2024-05-26,Home & Garden,LED Strip,Organic Search,International,1,83.5,0.2,66.8,True,3
2024-01-22,Electronics,Webcam,Social Media,West,5,277.18,0.2,1108.72,False,7
2024-02-22,Clothing,Fleece Jacket,Email,International,5,78.73,0.0,393.65,False,4
2024-09-24,Electronics,Webcam,Direct,Southeast,2,66.61,0.2,106.58,False,5
2024-11-19,Home & Garden,Plant Pot,Referral,Midwest,3,101.98,0.1,275.35,False,1
2024-12-02,Electronics,Laptop Stand,Direct,Southeast,1,300.08,0.15,255.07,False,6
2024-12-23,Home & Garden,Air Purifier,Referral,Southwest,5,168.27,0.1,757.22,False,6
2024-03-06,Clothing,Sneakers,Referral,International,1,56.48,0.15,48.01,False,3
2024-04-19,Beauty,Face Serum,Email,Southwest,4,46.07,0.0,184.28,False,2
2024-09-16,Clothing,Yoga Pants,Direct,International,2,35.76,0.1,64.37,False,1
2024-03-24,Beauty,Face Serum,Paid Search,International,3,70.72,0.0,212.16,False,2
2024-08-15,Beauty,Hair Mask,Direct,Midwest,4,14.93,0.1,53.75,False,2
2024-07-07,Sports,Foam Roller,Referral,West,5,27.37,0.2,109.48,False,2
2024-04-12,Sports,Water Bottle,Direct,Southeast,3,71.03,0.25,159.82,False,2
2024-09-21,Home & Garden,Air Purifier,Organic Search,Midwest,4,218.79,0.25,656.37,False,6
2024-02-16,Electronics,Smart Watch,Paid Search,Southwest,3,251.19,0.25,565.18,False,4
2024-02-11,Home & Garden,Air Purifier,Email,Southeast,4,21.78,0.25,65.34,False,4
2024-01-20,Electronics,Laptop Stand,Email,Southwest,1,426.63,0.1,383.97,False,2
2024-03-17,Clothing,Cotton Tee,Direct,International,4,97.46,0.0,389.84,True,2
2024-01-25,Beauty,Body Scrub,Paid Search,Southwest,4,19.45,0.1,70.02,False,1
2024-11-19,Beauty,Eye Cream,Direct,West,1,19.43,0.2,15.54,False,1
2024-04-05,Clothing,Yoga Pants,Referral,International,3,72.52,0.1,195.8,False,4
2024-09-16,Electronics,Webcam,Direct,Northeast,3,79.46,0.25,178.78,False,7
2024-07-01,Sports,Water Bottle,Organic Search,Midwest,1,59.49,0.1,53.54,False,1
2024-10-06,Clothing,Running Shorts,Email,International,5,113.52,0.1,510.84,False,3
2024-08-22,Clothing,Cotton Tee,Organic Search,Midwest,4,99.65,0.0,398.6,True,7
2024-07-22,Clothing,Running Shorts,Direct,Southwest,2,133.7,0.1,240.66,False,5
2024-05-19,Home & Garden,Air Purifier,Organic Search,Midwest,2,77.67,0.0,155.34,False,3
2024-09-11,Sports,Water Bottle,Referral,Southwest,4,80.47,0.15,273.6,False,2
2024-04-02,Home & Garden,LED Strip,Direct,Midwest,3,201.28,0.15,513.26,True,5
2024-08-06,Home & Garden,Air Purifier,Paid Search,International,1,87.7,0.1,78.93,False,5
2024-05-20,Sports,Jump Rope,Referral,Northeast,4,11.43,0.1,41.15,False,4
2024-11-07,Electronics,USB-C Hub,Referral,Southwest,3,279.89,0.0,839.67,False,2
2024-01-17,Electronics,Smart Watch,Direct,Southeast,1,155.2,0.1,139.68,False,5
2024-07-06,Sports,Jump Rope,Social Media,Midwest,3,43.96,0.0,131.88,False,5
2024-10-14,Home & Garden,Scented Candle,Organic Search,Midwest,1,15.22,0.0,15.22,False,4
2024-04-12,Home & Garden,Throw Pillow,Organic Search,Southeast,2,248.13,0.1,446.63,False,4
2024-12-15,Electronics,USB-C Hub,Email,International,2,453.41,0.2,725.46,False,7
2024-12-29,Home & Garden,Air Purifier,Referral,International,5,139.12,0.1,626.04,False,6
2024-09-09,Clothing,Fleece Jacket,Organic Search,Midwest,5,45.05,0.05,213.99,False,2
2024-02-03,Beauty,Body Scrub,Email,Southwest,3,43.32,0.25,97.47,False,1
2024-11-24,Sports,Gym Gloves,Organic Search,Southwest,4,70.3,0.0,281.2,False,3
2024-03-07,Sports,Gym Gloves,Social Media,West,3,18.4,0.25,41.4,False,2
2024-04-25,Electronics,Wireless Earbuds,Email,West,5,117.86,0.0,589.3,False,6
2024-06-04,Home & Garden,Air Purifier,Direct,West,3,56.11,0.25,126.25,False,6
2024-11-05,Electronics,Webcam,Email,West,2,315.31,0.0,630.62,False,5
2024-10-19,Electronics,Wireless Earbuds,Social Media,West,1,69.46,0.1,62.51,False,7
2024-12-16,Electronics,USB-C Hub,Social Media,Midwest,5,179.35,0.1,807.08,False,7
2024-06-23,Sports,Resistance Bands,Direct,Southeast,1,20.8,0.15,17.68,False,2
2024-10-14,Home & Garden,Plant Pot,Organic Search,Midwest,3,243.09,0.0,729.27,False,5
2024-05-28,Clothing,Cotton Tee,Social Media,West,1,50.84,0.05,48.3,False,1
2024-09-12,Sports,Foam Roller,Direct,Southwest,2,73.89,0.1,133.0,False,2
2024-04-20,Sports,Jump Rope,Direct,Midwest,4,9.88,0.15,33.59,False,2
2024-02-25,Electronics,Wireless Earbuds,Social Media,Southeast,3,271.7,0.2,652.08,False,1
2024-04-09,Home & Garden,Plant Pot,Email,West,4,96.82,0.15,329.19,True,5
2024-12-14,Home & Garden,Air Purifier,Direct,Northeast,4,130.02,0.25,390.06,False,5
2024-03-14,Clothing,Running Shorts,Paid Search,West,4,65.01,0.1,234.04,False,3
2024-08-30,Beauty,Eye Cream,Direct,Southwest,5,14.7,0.0,73.5,False,3
2024-06-02,Clothing,Sneakers,Direct,Midwest,5,33.73,0.1,151.78,False,5
2024-07-07,Beauty,Body Scrub,Email,International,5,44.82,0.1,201.69,False,1
2024-12-01,Electronics,USB-C Hub,Direct,West,5,187.46,0.0,937.3,False,3
2024-07-13,Clothing,Running Shorts,Paid Search,International,5,79.38,0.25,297.67,False,5
2024-06-09,Clothing,Running Shorts,Social Media,Southeast,5,142.06,0.0,710.3,False,4
2024-02-01,Sports,Foam Roller,Referral,Southeast,4,48.65,0.2,155.68,False,6
2024-03-29,Beauty,Hair Mask,Social Media,West,5,33.78,0.2,135.12,False,3
2024-05-06,Home & Garden,LED Strip,Email,West,3,171.21,0.1,462.27,False,2
2024-06-11,Home & Garden,Scented Candle,Social Media,Midwest,3,194.08,0.05,553.13,False,4
2024-06-25,Beauty,SPF Moisturizer,Paid Search,Midwest,3,20.17,0.25,45.38,False,4
2024-09-02,Electronics,Laptop Stand,Paid Search,Southeast,1,204.86,0.2,163.89,False,6
2024-10-27,Beauty,SPF Moisturizer,Paid Search,Southeast,5,58.64,0.0,293.2,False,6
2024-08-29,Electronics,Webcam,Organic Search,International,2,336.08,0.0,672.16,False,3
2024-09-01,Clothing,Running Shorts,Referral,Southeast,5,146.04,0.0,730.2,False,4
2024-09-30,Home & Garden,Plant Pot,Referral,International,3,164.02,0.0,492.06,False,2
2024-07-22,Electronics,Smart Watch,Social Media,Southeast,4,446.01,0.0,1784.04,False,1
2024-05-25,Home & Garden,Air Purifier,Social Media,International,1,80.61,0.0,80.61,False,3
2024-05-19,Beauty,Body Scrub,Paid Search,Northeast,4,71.58,0.0,286.32,False,4
2024-05-31,Home & Garden,Scented Candle,Direct,International,4,164.59,0.0,658.36,True,3
2024-06-16,Clothing,Yoga Pants,Organic Search,Southwest,5,129.72,0.15,551.31,False,5
2024-04-30,Electronics,Smart Watch,Social Media,Midwest,2,263.85,0.05,501.31,True,4
2024-12-20,Home & Garden,Plant Pot,Paid Search,Northeast,5,182.49,0.0,912.45,False,3
2024-06-08,Electronics,USB-C Hub,Referral,Northeast,3,120.87,0.25,271.96,False,6
2024-11-06,Home & Garden,Plant Pot,Email,Southwest,5,62.0,0.0,310.0,False,4
2024-11-01,Beauty,Eye Cream,Organic Search,West,5,65.73,0.05,312.22,False,6
2024-09-15,Sports,Gym Gloves,Paid Search,West,3,14.33,0.0,42.99,True,5
2024-04-15,Beauty,Hair Mask,Referral,West,2,33.98,0.25,50.97,False,6
2024-07-31,Sports,Resistance Bands,Social Media,West,5,44.08,0.0,220.4,False,5
2024-05-10,Electronics,Webcam,Organic Search,International,4,351.75,0.1,1266.3,False,4
2024-01-31,Clothing,Sneakers,Organic Search,Southwest,1,21.07,0.1,18.96,False,5
2024-11-26,Electronics,Laptop Stand,Social Media,Midwest,4,129.99,0.0,519.96,False,6
2024-06-27,Sports,Water Bottle,Organic Search,Southeast,4,38.43,0.25,115.29,False,7
2024-01-12,Beauty,Eye Cream,Email,Southwest,5,20.53,0.05,97.52,False,7
2024-03-20,Beauty,Eye Cream,Email,Southeast,5,37.41,0.05,177.7,False,3
2024-02-21,Electronics,Wireless Earbuds,Direct,Northeast,4,325.72,0.0,1302.88,False,1
2024-10-03,Sports,Gym Gloves,Paid Search,Northeast,1,27.82,0.0,27.82,False,2
2024-12-10,Clothing,Sneakers,Email,Southeast,3,46.38,0.1,125.23,False,7
2024-10-29,Home & Garden,Scented Candle,Referral,Southeast,5,62.05,0.1,279.23,False,5
2024-07-14,Sports,Gym Gloves,Direct,Midwest,4,11.8,0.1,42.48,False,6
2024-05-03,Sports,Water Bottle,Paid Search,Midwest,2,32.29,0.0,64.58,False,4
2024-07-17,Clothing,Cotton Tee,Paid Search,Midwest,1,90.36,0.15,76.81,False,2
2024-04-07,Clothing,Fleece Jacket,Organic Search,Midwest,1,138.58,0.1,124.72,False,6
2024-10-27,Sports,Gym Gloves,Referral,International,5,11.2,0.0,56.0,False,7
2024-04-18,Beauty,Hair Mask,Paid Search,International,4,26.0,0.1,93.6,False,1
2024-10-09,Electronics,USB-C Hub,Email,Midwest,2,362.03,0.05,687.86,False,2
2024-09-11,Sports,Water Bottle,Social Media,Northeast,5,60.55,0.1,272.48,False,5
2024-04-23,Sports,Jump Rope,Referral,Southeast,2,38.03,0.15,64.65,True,7
2024-06-17,Electronics,Laptop Stand,Paid Search,Southwest,5,469.64,0.15,1995.97,False,2
2024-09-07,Beauty,Hair Mask,Referral,International,4,48.89,0.1,176.0,False,7
2024-10-06,Sports,Water Bottle,Social Media,Southeast,2,67.35,0.1,121.23,False,6
2024-01-25,Beauty,Face Serum,Organic Search,Southwest,5,14.27,0.0,71.35,False,6
2024-07-10,Clothing,Yoga Pants,Organic Search,West,1,109.76,0.0,109.76,False,4
2024-01-09,Beauty,Eye Cream,Direct,International,4,13.05,0.25,39.15,False,1
2024-02-24,Home & Garden,LED Strip,Organic Search,West,3,13.11,0.15,33.43,False,2
2024-07-22,Clothing,Yoga Pants,Organic Search,Midwest,2,98.05,0.1,176.49,False,3
2024-02-11,Sports,Water Bottle,Referral,International,5,27.7,0.05,131.57,False,7
2024-01-05,Electronics,Wireless Earbuds,Referral,Southeast,4,219.67,0.25,659.01,False,6
2024-02-18,Electronics,USB-C Hub,Direct,Northeast,4,339.21,0.1,1221.16,False,7
2024-05-23,Clothing,Yoga Pants,Direct,West,5,78.72,0.0,393.6,False,6
2024-12-30,Electronics,Smart Watch,Social Media,Northeast,3,56.05,0.05,159.74,False,7
2024-06-18,Home & Garden,Scented Candle,Social Media,International,5,66.71,0.15,283.52,False,5
2024-04-28,Clothing,Running Shorts,Organic Search,Midwest,5,114.89,0.1,517.01,True,4
2024-08-18,Beauty,Body Scrub,Social Media,Southeast,5,38.58,0.1,173.61,True,3
2024-05-31,Home & Garden,LED Strip,Paid Search,International,4,112.64,0.15,382.98,True,5
2024-07-03,Electronics,Wireless Earbuds,Organic Search,Northeast,3,118.4,0.0,355.2,False,3
2024-04-05,Electronics,Laptop Stand,Social Media,Southwest,4,210.96,0.1,759.46,False,1
2024-02-17,Beauty,Body Scrub,Direct,West,5,39.34,0.0,196.7,True,5
2024-10-13,Home & Garden,Throw Pillow,Paid Search,West,1,79.04,0.15,67.18,False,6
2024-03-15,Beauty,Hair Mask,Organic Search,Southeast,4,23.36,0.1,84.1,False,4
2024-11-16,Sports,Jump Rope,Social Media,West,4,32.28,0.0,129.12,False,2
2024-06-19,Beauty,Hair Mask,Direct,Southwest,4,19.17,0.1,69.01,True,4
2024-12-21,Home & Garden,Throw Pillow,Paid Search,Southwest,3,112.35,0.0,337.05,False,5
2024-09-08,Home & Garden,Scented Candle,Direct,Southeast,4,241.49,0.1,869.36,False,6
2024-04-12,Home & Garden,Throw Pillow,Direct,West,3,204.96,0.15,522.65,False,5
2024-08-12,Clothing,Sneakers,Email,International,1,142.7,0.2,114.16,False,2
2024-03-19,Electronics,USB-C Hub,Referral,Southwest,4,111.63,0.1,401.87,False,6
2024-09-16,Sports,Resistance Bands,Referral,Southwest,4,88.25,0.2,282.4,False,5
2024-02-25,Beauty,Face Serum,Paid Search,International,3,59.01,0.25,132.77,False,1
2024-08-08,Home & Garden,Scented Candle,Organic Search,Northeast,5,19.63,0.15,83.43,False,3
2024-10-21,Electronics,Laptop Stand,Paid Search,Southwest,2,278.8,0.25,418.2,False,6
2024-09-04,Home & Garden,Throw Pillow,Organic Search,Midwest,4,194.36,0.25,583.08,False,1
2024-08-21,Sports,Resistance Bands,Paid Search,West,1,75.34,0.0,75.34,False,3
2024-01-23,Sports,Jump Rope,Referral,Northeast,4,15.91,0.2,50.91,False,3
2024-05-04,Electronics,Laptop Stand,Direct,Southeast,1,353.71,0.0,353.71,False,6
2024-11-18,Beauty,Hair Mask,Paid Search,Southeast,3,49.51,0.2,118.82,False,4
2024-07-18,Sports,Water Bottle,Organic Search,International,1,67.73,0.05,64.34,False,4
2024-10-01,Clothing,Yoga Pants,Paid Search,Midwest,3,115.81,0.0,347.43,False,7
2024-06-09,Home & Garden,Scented Candle,Direct,Southwest,4,36.35,0.2,116.32,False,6
2024-03-29,Beauty,Eye Cream,Referral,International,5,19.65,0.1,88.42,False,5
2024-06-05,Home & Garden,LED Strip,Organic Search,Southeast,5,29.34,0.0,146.7,False,2
2024-04-05,Home & Garden,Scented Candle,Social Media,International,5,102.23,0.0,511.15,False,4
2024-08-18,Beauty,Hair Mask,Direct,Northeast,5,23.18,0.1,104.31,False,3
2024-11-30,Home & Garden,Air Purifier,Social Media,Southwest,4,41.77,0.15,142.02,False,5
2024-04-22,Sports,Water Bottle,Email,Northeast,4,47.58,0.0,190.32,False,7
2024-09-10,Home & Garden,Scented Candle,Direct,West,5,78.28,0.2,313.12,False,7
2024-10-04,Electronics,Webcam,Organic Search,International,1,169.55,0.25,127.16,False,3
2024-05-06,Sports,Gym Gloves,Email,Northeast,2,88.17,0.0,176.34,False,6
2024-05-01,Sports,Jump Rope,Paid Search,International,3,77.84,0.0,233.52,False,1
2024-04-15,Beauty,SPF Moisturizer,Paid Search,Northeast,5,54.4,0.0,272.0,False,7
2024-05-29,Beauty,SPF Moisturizer,Email,West,5,30.83,0.25,115.61,False,6
2024-12-01,Home & Garden,LED Strip,Paid Search,International,1,41.54,0.15,35.31,False,3
2024-07-20,Clothing,Yoga Pants,Social Media,Southeast,2,110.33,0.05,209.63,False,6
2024-02-17,Beauty,SPF Moisturizer,Social Media,West,4,37.14,0.0,148.56,False,7
2024-02-17,Home & Garden,Plant Pot,Referral,Southwest,4,237.06,0.1,853.42,False,7
2024-05-17,Home & Garden,Air Purifier,Email,Midwest,5,104.45,0.15,443.91,False,4
2024-01-25,Home & Garden,LED Strip,Organic Search,Northeast,5,40.34,0.2,161.36,False,6
2024-08-07,Sports,Resistance Bands,Paid Search,International,1,83.28,0.0,83.28,False,1
2024-05-08,Clothing,Fleece Jacket,Organic Search,Midwest,2,132.17,0.1,237.91,False,3
2024-12-26,Clothing,Running Shorts,Organic Search,Northeast,4,98.83,0.05,375.55,False,1
2024-01-05,Clothing,Cotton Tee,Organic Search,International,1,32.78,0.05,31.14,False,4
2024-02-15,Home & Garden,Air Purifier,Referral,Northeast,4,175.57,0.2,561.82,True,4
2024-03-09,Electronics,Laptop Stand,Referral,International,3,445.45,0.0,1336.35,False,7
2024-04-19,Clothing,Running Shorts,Referral,International,5,90.48,0.0,452.4,False,6
2024-03-12,Clothing,Cotton Tee,Organic Search,West,5,107.0,0.05,508.25,True,1
2024-02-13,Sports,Jump Rope,Paid Search,West,4,33.47,0.0,133.88,False,6
2024-06-03,Beauty,Body Scrub,Paid Search,West,5,31.09,0.0,155.45,False,6
2024-05-02,Beauty,Body Scrub,Social Media,Southwest,2,62.11,0.1,111.8,False,7
2024-07-03,Electronics,Smart Watch,Email,Southeast,4,336.14,0.0,1344.56,False,1
2024-02-07,Sports,Gym Gloves,Organic Search,West,4,37.6,0.0,150.4,False,7
2024-09-16,Electronics,Wireless Earbuds,Email,International,3,146.08,0.0,438.24,False,4
2024-11-11,Beauty,Eye Cream,Paid Search,Midwest,4,59.02,0.0,236.08,False,5
2024-10-01,Electronics,Laptop Stand,Email,Southwest,1,279.09,0.05,265.14,False,2
2024-08-10,Beauty,Face Serum,Organic Search,Southwest,3,58.81,0.05,167.61,True,1
2024-03-11,Beauty,Body Scrub,Referral,Northeast,1,32.72,0.0,32.72,False,6
2024-05-17,Clothing,Cotton Tee,Referral,Northeast,3,85.08,0.1,229.72,False,2
2024-11-17,Electronics,Laptop Stand,Organic Search,Southwest,4,171.39,0.0,685.56,False,5
2024-02-22,Sports,Gym Gloves,Direct,International,3,12.49,0.0,37.47,False,3
2024-07-05,Electronics,Smart Watch,Social Media,Southeast,5,50.16,0.0,250.8,False,4
2024-08-01,Clothing,Running Shorts,Referral,Midwest,5,122.62,0.15,521.13,False,2
2024-04-01,Home & Garden,Air Purifier,Paid Search,West,5,98.47,0.25,369.26,False,1
2024-06-16,Electronics,USB-C Hub,Organic Search,West,1,443.65,0.1,399.28,False,3
2024-08-25,Sports,Resistance Bands,Email,West,3,24.25,0.1,65.48,False,2
2024-01-13,Sports,Foam Roller,Paid Search,West,5,69.6,0.05,330.6,False,4
2024-06-06,Home & Garden,Air Purifier,Organic Search,Southeast,3,9.35,0.15,23.84,False,6
2024-12-30,Beauty,Hair Mask,Email,Northeast,4,44.97,0.0,179.88,False,2
2024-02-13,Electronics,Smart Watch,Direct,Northeast,5,234.88,0.1,1056.96,False,6
2024-05-01,Beauty,Hair Mask,Email,Midwest,4,17.01,0.0,68.04,False,2
2024-03-10,Home & Garden,Throw Pillow,Direct,Northeast,3,85.33,0.1,230.39,False,2
2024-07-02,Clothing,Running Shorts,Paid Search,Southwest,2,75.24,0.1,135.43,False,5
2024-06-04,Home & Garden,Throw Pillow,Referral,International,3,213.6,0.0,640.8,False,6
2024-05-07,Beauty,Face Serum,Email,Southwest,2,68.01,0.1,122.42,False,6
2024-08-19,Beauty,Face Serum,Direct,International,3,29.43,0.0,88.29,True,4
2024-04-23,Beauty,Hair Mask,Paid Search,Southeast,1,42.96,0.0,42.96,False,1
2024-01-12,Sports,Jump Rope,Organic Search,Southeast,1,55.17,0.1,49.65,False,1
2024-01-26,Sports,Foam Roller,Paid Search,West,1,81.31,0.1,73.18,False,4
2024-04-05,Sports,Water Bottle,Email,Midwest,4,10.39,0.15,35.33,False,2
2024-07-29,Sports,Foam Roller,Direct,Southwest,1,57.74,0.05,54.85,False,4
2024-09-26,Electronics,Wireless Earbuds,Paid Search,International,3,221.36,0.15,564.47,False,7
2024-09-05,Beauty,Face Serum,Email,West,4,64.39,0.1,231.8,False,7
2024-01-16,Beauty,SPF Moisturizer,Email,Northeast,4,30.12,0.0,120.48,False,2
2024-05-06,Sports,Gym Gloves,Referral,Southeast,3,70.11,0.05,199.81,False,1
2024-07-17,Home & Garden,LED Strip,Email,Southeast,1,192.37,0.05,182.75,False,7
2024-12-26,Clothing,Yoga Pants,Referral,Midwest,5,57.61,0.1,259.25,False,1
2024-09-09,Beauty,Body Scrub,Direct,Midwest,2,49.73,0.05,94.49,False,7
2024-09-26,Clothing,Cotton Tee,Social Media,Northeast,1,27.09,0.05,25.74,False,1
2024-06-14,Home & Garden,LED Strip,Organic Search,Northeast,2,202.55,0.1,364.59,False,7
2024-07-10,Clothing,Sneakers,Referral,International,2,118.77,0.25,178.16,False,1
2024-08-11,Sports,Gym Gloves,Referral,Southwest,1,35.26,0.1,31.73,False,2
2024-03-30,Home & Garden,Scented Candle,Social Media,Midwest,5,175.45,0.1,789.52,False,5
2024-10-17,Home & Garden,Scented Candle,Organic Search,Southeast,2,183.92,0.15,312.66,False,7
2024-06-18,Beauty,SPF Moisturizer,Referral,Northeast,5,26.8,0.0,134.0,False,2
2024-11-23,Clothing,Fleece Jacket,Referral,Midwest,3,37.5,0.0,112.5,False,6
2024-02-25,Sports,Resistance Bands,Referral,Northeast,3,24.98,0.0,74.94,False,7
2024-07-12,Electronics,USB-C Hub,Email,West,4,378.66,0.0,1514.64,False,4
2024-01-18,Sports,Resistance Bands,Email,Northeast,4,71.89,0.05,273.18,False,1
2024-02-08,Home & Garden,Plant Pot,Direct,Northeast,1,26.81,0.0,26.81,False,2
2024-03-25,Home & Garden,LED Strip,Direct,Southwest,5,223.37,0.0,1116.85,False,6
2024-10-03,Clothing,Running Shorts,Email,International,1,59.37,0.05,56.4,False,5
2024-09-08,Home & Garden,Plant Pot,Paid Search,Northeast,2,32.02,0.15,54.43,False,7
2024-04-15,Home & Garden,Air Purifier,Paid Search,International,4,30.03,0.2,96.1,False,1
2024-09-07,Home & Garden,Air Purifier,Referral,Midwest,4,211.5,0.1,761.4,False,4
2024-01-23,Electronics,Webcam,Email,Southwest,4,132.2,0.15,449.48,False,4
2024-12-07,Sports,Jump Rope,Organic Search,Northeast,2,75.8,0.0,151.6,False,6
2024-07-17,Home & Garden,LED Strip,Direct,Southwest,4,241.97,0.05,919.49,False,7
2024-12-31,Beauty,Eye Cream,Organic Search,West,5,71.07,0.2,284.28,False,4
2024-08-17,Beauty,Body Scrub,Paid Search,Southeast,5,57.39,0.0,286.95,False,7
2024-04-13,Clothing,Yoga Pants,Referral,Southeast,2,20.72,0.0,41.44,False,4
2024-07-22,Beauty,SPF Moisturizer,Direct,Midwest,3,73.02,0.0,219.06,True,5
2024-10-27,Home & Garden,LED Strip,Direct,Southwest,4,229.12,0.0,916.48,False,5
2024-02-21,Electronics,USB-C Hub,Email,West,2,115.69,0.0,231.38,False,5
2024-01-20,Home & Garden,Throw Pillow,Paid Search,Midwest,3,100.93,0.2,242.23,False,4
2024-12-19,Sports,Foam Roller,Paid Search,Northeast,5,57.3,0.15,243.53,True,3
2024-09-08,Sports,Jump Rope,Referral,International,3,9.64,0.1,26.03,False,7
2024-05-17,Electronics,Smart Watch,Referral,Southwest,2,184.22,0.2,294.75,False,3
2024-09-21,Beauty,Face Serum,Email,Northeast,2,41.6,0.15,70.72,False,7
2024-09-25,Beauty,Hair Mask,Direct,Northeast,1,32.85,0.25,24.64,False,7
2024-07-03,Clothing,Yoga Pants,Referral,Southeast,2,127.15,0.05,241.59,True,1
2024-07-09,Home & Garden,Plant Pot,Social Media,West,4,130.23,0.0,520.92,False,2
2024-05-12,Sports,Foam Roller,Referral,International,4,55.54,0.1,199.94,False,7
2024-04-19,Electronics,Laptop Stand,Paid Search,International,1,222.95,0.0,222.95,False,7
2024-12-15,Clothing,Yoga Pants,Organic Search,Southwest,3,102.31,0.25,230.2,True,7
2024-06-05,Clothing,Yoga Pants,Referral,International,5,122.32,0.05,581.02,False,7
2024-06-03,Home & Garden,Throw Pillow,Referral,West,4,213.38,0.2,682.82,False,4
2024-07-10,Beauty,Eye Cream,Direct,International,5,18.85,0.25,70.69,False,7
2024-05-21,Beauty,Body Scrub,Referral,Midwest,3,32.0,0.0,96.0,False,3
2024-11-03,Home & Garden,Plant Pot,Social Media,International,3,54.21,0.25,121.97,False,1
2024-07-26,Home & Garden,Scented Candle,Social Media,International,1,166.3,0.1,149.67,False,4
2024-12-17,Electronics,Webcam,Direct,International,5,416.21,0.1,1872.94,False,2
2024-04-02,Sports,Jump Rope,Email,Northeast,5,32.32,0.0,161.6,False,5
2024-12-14,Sports,Foam Roller,Email,International,3,66.74,0.25,150.16,False,2
2024-07-09,Electronics,Smart Watch,Email,West,3,149.5,0.1,403.65,False,3
2024-09-13,Home & Garden,Throw Pillow,Organic Search,International,1,121.93,0.0,121.93,False,2
2024-06-24,Sports,Gym Gloves,Social Media,West,3,41.46,0.0,124.38,False,2
2024-06-19,Sports,Foam Roller,Referral,Southeast,3,77.85,0.0,233.55,False,4
2024-10-22,Home & Garden,Air Purifier,Paid Search,Southwest,1,117.49,0.05,111.62,False,2
2024-07-15,Electronics,Smart Watch,Organic Search,Northeast,5,244.17,0.15,1037.72,False,4
2024-04-07,Beauty,Hair Mask,Organic Search,International,3,75.65,0.1,204.26,False,5
2024-07-15,Electronics,Smart Watch,Direct,West,2,361.09,0.1,649.96,False,1
2024-09-23,Home & Garden,Scented Candle,Direct,West,1,206.72,0.1,186.05,False,4
2024-03-25,Home & Garden,Throw Pillow,Social Media,Northeast,2,91.26,0.2,146.02,False,2
2024-03-04,Clothing,Yoga Pants,Email,International,2,43.3,0.0,86.6,False,2
2024-12-04,Electronics,USB-C Hub,Organic Search,International,3,396.06,0.0,1188.18,False,1
2024-08-30,Electronics,Wireless Earbuds,Referral,Southeast,1,236.55,0.15,201.07,False,3
2024-11-14,Clothing,Running Shorts,Direct,International,3,71.4,0.0,214.2,False,3
2024-02-24,Clothing,Cotton Tee,Social Media,Southeast,1,83.55,0.0,83.55,False,7
2024-05-31,Beauty,Hair Mask,Paid Search,Northeast,3,67.71,0.05,192.97,False,4
2024-01-07,Beauty,Eye Cream,Referral,Northeast,2,58.11,0.2,92.98,False,1
2024-02-21,Electronics,Webcam,Email,International,4,116.12,0.0,464.48,False,1
2024-01-21,Clothing,Cotton Tee,Email,Midwest,3,50.39,0.0,151.17,False,2
2024-12-05,Home & Garden,Throw Pillow,Referral,Southeast,1,31.8,0.0,31.8,True,2
2024-07-09,Home & Garden,Plant Pot,Email,Southeast,4,238.22,0.1,857.59,False,1
2024-09-01,Electronics,USB-C Hub,Social Media,International,4,482.04,0.1,1735.34,False,6
2024-03-22,Clothing,Running Shorts,Organic Search,Southwest,2,108.29,0.0,216.58,False,7
2024-07-02,Beauty,Eye Cream,Direct,Northeast,5,57.45,0.0,287.25,False,7
2024-05-13,Clothing,Cotton Tee,Referral,Midwest,4,30.13,0.15,102.44,False,1
2024-06-22,Electronics,Webcam,Direct,West,5,374.7,0.05,1779.82,False,6
2024-12-12,Beauty,Face Serum,Referral,Southwest,4,56.33,0.05,214.05,False,6
2024-09-10,Clothing,Sneakers,Paid Search,Northeast,5,22.31,0.0,111.55,False,4
2024-10-08,Sports,Jump Rope,Referral,Southwest,2,34.8,0.1,62.64,True,2
2024-08-16,Sports,Foam Roller,Email,Northeast,1,45.19,0.2,36.15,True,4
2024-02-16,Sports,Resistance Bands,Direct,West,1,40.68,0.0,40.68,False,1
2024-01-28,Home & Garden,LED Strip,Paid Search,Southwest,5,58.64,0.2,234.56,False,3
2024-02-19,Home & Garden,LED Strip,Referral,Southeast,5,152.99,0.1,688.46,False,1
2024-12-25,Electronics,Laptop Stand,Organic Search,Northeast,3,422.45,0.1,1140.62,False,3
2024-04-10,Clothing,Cotton Tee,Paid Search,Northeast,2,125.13,0.15,212.72,False,5
2024-07-31,Sports,Foam Roller,Organic Search,International,4,74.79,0.05,284.2,False,1
2024-01-03,Beauty,Face Serum,Direct,International,4,42.64,0.25,127.92,False,4
2024-03-31,Electronics,Webcam,Referral,West,4,426.47,0.2,1364.7,False,7
2024-08-02,Clothing,Yoga Pants,Direct,International,1,66.91,0.1,60.22,False,4
2024-03-11,Clothing,Fleece Jacket,Social Media,West,4,144.12,0.1,518.83,False,2
2024-04-17,Beauty,SPF Moisturizer,Direct,International,5,69.67,0.25,261.26,False,2
2024-11-22,Home & Garden,Plant Pot,Email,International,2,244.52,0.0,489.04,False,6
2024-09-30,Electronics,Laptop Stand,Email,Southwest,5,265.17,0.15,1126.97,False,7
2024-04-12,Electronics,Webcam,Email,Southeast,1,60.37,0.0,60.37,True,1
2024-01-17,Home & Garden,Plant Pot,Email,Southwest,2,210.45,0.1,378.81,False,5
2024-12-22,Electronics,Webcam,Email,International,5,438.18,0.25,1643.18,False,5
2024-01-07,Electronics,USB-C Hub,Referral,Midwest,4,236.45,0.1,851.22,False,1
2024-11-04,Clothing,Sneakers,Paid Search,International,4,126.22,0.1,454.39,False,5
2024-09-20,Clothing,Fleece Jacket,Organic Search,Southwest,4,38.78,0.0,155.12,False,2
2024-05-10,Electronics,USB-C Hub,Organic Search,Midwest,3,299.47,0.0,898.41,False,7
2024-11-16,Sports,Foam Roller,Direct,International,1,20.45,0.1,18.41,False,7
2024-09-26,Home & Garden,Throw Pillow,Paid Search,Southeast,5,141.04,0.0,705.2,False,3
2024-06-27,Beauty,Face Serum,Paid Search,Southeast,5,22.68,0.25,85.05,False,1
2024-11-28,Home & Garden,Plant Pot,Organic Search,Northeast,3,79.46,0.25,178.78,False,5
2024-06-13,Home & Garden,Throw Pillow,Social Media,Northeast,2,226.08,0.05,429.55,False,6
2024-07-10,Sports,Jump Rope,Direct,West,5,66.64,0.0,333.2,False,7
2024-02-19,Sports,Water Bottle,Paid Search,West,1,32.01,0.05,30.41,False,1
2024-02-23,Beauty,Face Serum,Paid Search,West,1,26.12,0.05,24.81,False,4
2024-01-28,Sports,Resistance Bands,Paid Search,Midwest,2,9.92,0.1,17.86,True,1
2024-11-18,Beauty,Face Serum,Social Media,Southwest,5,67.05,0.1,301.73,False,4
2024-11-12,Home & Garden,Air Purifier,Organic Search,International,4,170.59,0.25,511.77,True,6
2024-12-17,Beauty,Face Serum,Email,West,1,35.97,0.25,26.98,False,7
2024-04-22,Electronics,Laptop Stand,Paid Search,International,4,220.64,0.0,882.56,False,5
2024-11-27,Sports,Gym Gloves,Email,Northeast,3,85.77,0.0,257.31,False,7
2024-10-02,Beauty,Body Scrub,Direct,Northeast,2,20.26,0.0,40.52,False,4
2024-04-23,Home & Garden,Scented Candle,Direct,Midwest,3,59.82,0.25,134.59,False,2
2024-08-24,Clothing,Running Shorts,Referral,West,2,104.91,0.0,209.82,False,5
2024-06-18,Electronics,Laptop Stand,Email,Southeast,1,161.81,0.05,153.72,False,4
2024-06-17,Clothing,Running Shorts,Direct,International,3,98.02,0.05,279.36,False,4
2024-03-27,Home & Garden,LED Strip,Organic Search,Midwest,2,144.73,0.1,260.51,False,4
2024-06-18,Clothing,Yoga Pants,Social Media,Southwest,4,52.08,0.1,187.49,False,6
2024-02-11,Sports,Jump Rope,Email,Southeast,3,47.44,0.0,142.32,False,5
2024-09-16,Beauty,Hair Mask,Referral,Northeast,3,61.15,0.0,183.45,False,1
2024-05-13,Beauty,Body Scrub,Direct,West,4,63.54,0.05,241.45,False,5
2024-09-18,Sports,Foam Roller,Organic Search,Southwest,3,39.79,0.1,107.43,False,5
2024-08-16,Home & Garden,LED Strip,Paid Search,Southeast,1,168.04,0.0,168.04,False,2
2024-04-22,Beauty,Body Scrub,Social Media,Southeast,2,61.31,0.2,98.1,False,1
2024-07-03,Electronics,Laptop Stand,Social Media,Southwest,3,154.31,0.05,439.78,False,7
2024-11-20,Sports,Resistance Bands,Email,International,1,87.43,0.1,78.69,False,5
2024-10-27,Home & Garden,LED Strip,Referral,Northeast,5,145.84,0.15,619.82,False,3
2024-06-25,Beauty,SPF Moisturizer,Social Media,Southwest,4,77.17,0.05,293.25,False,3
2024-09-20,Beauty,Face Serum,Referral,Midwest,5,71.1,0.2,284.4,False,1
2024-06-18,Clothing,Yoga Pants,Referral,Northeast,2,36.09,0.0,72.18,False,4
2024-01-12,Sports,Water Bottle,Paid Search,Northeast,4,25.07,0.0,100.28,False,4
2024-03-16,Clothing,Sneakers,Organic Search,Southeast,5,36.59,0.25,137.21,True,5
2024-12-04,Home & Garden,Scented Candle,Email,Northeast,5,238.98,0.0,1194.9,False,6
2024-07-29,Clothing,Cotton Tee,Direct,Southeast,5,148.03,0.2,592.12,False,7
2024-06-24,Beauty,Hair Mask,Social Media,West,5,56.2,0.1,252.9,False,6
2024-09-24,Beauty,Face Serum,Direct,International,2,37.34,0.0,74.68,False,2
2024-01-20,Sports,Foam Roller,Direct,West,5,15.8,0.2,63.2,False,5
2024-12-13,Electronics,Wireless Earbuds,Referral,Southwest,4,345.73,0.25,1037.19,False,7
2024-09-03,Beauty,Eye Cream,Social Media,Midwest,3,70.61,0.25,158.87,False,7
2024-02-12,Beauty,Body Scrub,Email,West,1,40.51,0.1,36.46,False,2
2024-09-23,Beauty,Eye Cream,Organic Search,Southwest,3,24.66,0.0,73.98,False,1
2024-05-09,Clothing,Fleece Jacket,Email,West,4,63.54,0.0,254.16,False,5
2024-10-09,Sports,Gym Gloves,Direct,Southwest,3,57.56,0.15,146.78,False,4
2024-06-25,Clothing,Fleece Jacket,Referral,Southwest,5,89.36,0.1,402.12,False,5
2024-07-24,Clothing,Running Shorts,Email,West,2,74.84,0.0,149.68,False,5
2024-03-15,Beauty,Face Serum,Social Media,West,2,38.07,0.0,76.14,False,7
2024-07-15,Sports,Resistance Bands,Social Media,West,1,29.31,0.1,26.38,True,1
2024-01-06,Beauty,SPF Moisturizer,Paid Search,International,5,15.85,0.0,79.25,False,4
2024-11-10,Beauty,SPF Moisturizer,Paid Search,International,2,14.25,0.25,21.38,False,2
2024-07-23,Electronics,Laptop Stand,Email,International,2,343.76,0.0,687.52,True,3
2024-02-16,Sports,Water Bottle,Direct,Midwest,5,24.23,0.0,121.15,False,1
2024-08-20,Beauty,Body Scrub,Social Media,West,3,35.28,0.1,95.26,False,2
2024-05-30,Electronics,Laptop Stand,Email,Northeast,2,232.21,0.0,464.42,False,5
2024-10-15,Beauty,SPF Moisturizer,Social Media,Southeast,5,66.48,0.1,299.16,False,4
2024-02-04,Home & Garden,Throw Pillow,Social Media,International,4,224.17,0.0,896.68,False,3
2024-12-24,Clothing,Yoga Pants,Email,Southeast,3,70.27,0.1,189.73,False,1
2024-08-31,Home & Garden,Air Purifier,Email,Midwest,4,170.69,0.1,614.48,True,2
2024-04-30,Clothing,Sneakers,Referral,Southeast,3,39.49,0.05,112.55,False,2
2024-03-20,Home & Garden,Scented Candle,Organic Search,Northeast,2,57.66,0.05,109.55,False,3
2024-09-03,Electronics,USB-C Hub,Email,West,5,51.98,0.25,194.92,False,7
2024-09-18,Home & Garden,Throw Pillow,Email,Southwest,5,217.5,0.2,870.0,False,7
2024-01-17,Clothing,Sneakers,Direct,Midwest,2,22.26,0.15,37.84,False,5
2024-01-05,Sports,Foam Roller,Organic Search,International,4,87.1,0.25,261.3,False,6
2024-04-05,Clothing,Cotton Tee,Direct,Midwest,5,28.5,0.1,128.25,False,3
2024-08-05,Clothing,Fleece Jacket,Paid Search,Southwest,4,143.44,0.1,516.38,False,4
2024-12-17,Home & Garden,Plant Pot,Paid Search,Northeast,4,76.11,0.0,304.44,False,5
2024-03-17,Home & Garden,Scented Candle,Social Media,Northeast,5,112.73,0.15,479.1,False,7
2024-09-06,Clothing,Cotton Tee,Email,Midwest,4,33.02,0.25,99.06,False,3
2024-05-10,Beauty,Body Scrub,Social Media,International,1,38.69,0.0,38.69,True,7
2024-05-11,Electronics,USB-C Hub,Email,Northeast,3,165.9,0.1,447.93,False,7
2024-11-28,Sports,Resistance Bands,Direct,Southeast,3,78.26,0.05,223.04,False,6
2024-02-10,Home & Garden,Plant Pot,Social Media,West,3,170.57,0.2,409.37,False,4
2024-10-19,Home & Garden,Throw Pillow,Social Media,Northeast,2,217.38,0.1,391.28,False,5
2024-05-16,Electronics,Smart Watch,Direct,International,3,151.7,0.1,409.59,False,6
2024-08-18,Sports,Jump Rope,Social Media,Southeast,4,71.26,0.1,256.54,False,5
2024-02-10,Clothing,Running Shorts,Paid Search,Southeast,2,112.52,0.1,202.54,False,6
2024-07-22,Sports,Resistance Bands,Direct,Northeast,1,13.17,0.2,10.54,False,1
2024-05-25,Electronics,Laptop Stand,Social Media,International,5,118.87,0.15,505.2,False,2
2024-06-15,Clothing,Yoga Pants,Social Media,Southwest,5,127.36,0.0,636.8,True,3
2024-08-21,Beauty,SPF Moisturizer,Referral,International,5,41.8,0.25,156.75,False,5
2024-09-03,Beauty,Eye Cream,Direct,Southeast,5,54.87,0.25,205.76,False,3
2024-01-01,Electronics,USB-C Hub,Direct,Southeast,3,213.6,0.1,576.72,False,1
2024-06-02,Home & Garden,Plant Pot,Organic Search,Southwest,4,137.42,0.2,439.74,False,4
2024-10-14,Home & Garden,LED Strip,Social Media,Southwest,2,200.22,0.25,300.33,False,4
2024-11-16,Clothing,Yoga Pants,Paid Search,West,4,126.01,0.05,478.84,False,4
2024-04-06,Beauty,SPF Moisturizer,Organic Search,Southeast,3,55.45,0.25,124.76,False,4
2024-09-08,Clothing,Fleece Jacket,Paid Search,Midwest,1,100.34,0.2,80.27,False,5
2024-05-24,Electronics,Smart Watch,Email,Southeast,1,485.37,0.0,485.37,False,1
2024-08-03,Sports,Resistance Bands,Email,Southwest,2,15.31,0.0,30.62,False,3
2024-07-19,Home & Garden,Throw Pillow,Organic Search,West,1,88.26,0.0,88.26,True,7
2024-01-07,Sports,Foam Roller,Organic Search,International,2,80.55,0.1,144.99,False,7
2024-02-18,Clothing,Cotton Tee,Direct,International,4,48.12,0.0,192.48,False,6
2024-11-18,Clothing,Cotton Tee,Referral,Northeast,4,106.31,0.1,382.72,False,2
2024-12-07,Beauty,Body Scrub,Paid Search,Northeast,1,28.97,0.1,26.07,False,1
2024-05-04,Clothing,Cotton Tee,Organic Search,Northeast,3,17.02,0.1,45.95,False,4
2024-02-16,Beauty,Eye Cream,Referral,West,5,22.38,0.0,111.9,False,4
2024-02-24,Home & Garden,Air Purifier,Paid Search,Southwest,1,94.32,0.0,94.32,False,7
2024-04-08,Clothing,Fleece Jacket,Organic Search,International,5,120.67,0.1,543.01,False,4
2024-10-13,Sports,Jump Rope,Email,West,2,28.31,0.0,56.62,False,4
2024-05-20,Sports,Foam Roller,Direct,West,5,23.12,0.1,104.04,False,4
2024-07-06,Clothing,Running Shorts,Social Media,Northeast,5,35.77,0.1,160.97,False,5
2024-06-13,Beauty,Eye Cream,Referral,Northeast,2,71.16,0.1,128.09,False,2
2024-11-09,Beauty,Eye Cream,Email,Midwest,2,47.11,0.2,75.38,False,2
2024-04-01,Sports,Jump Rope,Organic Search,Southeast,1,15.8,0.0,15.8,True,2
2024-11-15,Electronics,USB-C Hub,Referral,West,2,93.44,0.15,158.85,False,5
2024-12-01,Home & Garden,Air Purifier,Social Media,Northeast,3,61.97,0.0,185.91,True,2
2024-12-28,Sports,Resistance Bands,Organic Search,West,3,53.2,0.15,135.66,False,7
2024-09-22,Home & Garden,LED Strip,Organic Search,Northeast,1,185.23,0.1,166.71,True,2
2024-11-16,Clothing,Sneakers,Paid Search,West,4,40.39,0.25,121.17,False,5
2024-12-06,Beauty,Eye Cream,Social Media,Northeast,1,63.34,0.1,57.01,False,6
2024-11-03,Clothing,Yoga Pants,Social Media,Midwest,5,68.81,0.1,309.65,False,5
2024-06-14,Home & Garden,LED Strip,Direct,Southeast,3,211.76,0.15,539.99,False,4
2024-07-03,Beauty,Body Scrub,Social Media,Southwest,2,37.13,0.25,55.7,False,3
2024-01-04,Sports,Resistance Bands,Email,Southeast,1,87.62,0.0,87.62,False,3
2024-10-11,Clothing,Fleece Jacket,Direct,West,1,118.38,0.1,106.54,False,5
2024-10-25,Clothing,Running Shorts,Paid Search,Southeast,1,76.69,0.0,76.69,False,3
2024-06-15,Home & Garden,Plant Pot,Social Media,Southeast,1,145.92,0.05,138.62,False,6
2024-10-22,Sports,Gym Gloves,Social Media,Northeast,1,56.21,0.1,50.59,True,7
2024-03-02,Electronics,Laptop Stand,Paid Search,International,3,444.91,0.15,1134.52,False,7
2024-10-16,Beauty,Face Serum,Paid Search,Midwest,4,15.63,0.25,46.89,True,5
2024-10-31,Beauty,Hair Mask,Direct,West,2,15.38,0.15,26.15,False,7
2024-02-12,Electronics,Smart Watch,Social Media,West,4,179.4,0.15,609.96,False,3
2024-12-23,Electronics,Webcam,Paid Search,Southeast,4,167.15,0.15,568.31,False,7
2024-09-25,Sports,Gym Gloves,Paid Search,Southeast,2,47.52,0.05,90.29,False,6
2024-08-04,Electronics,Laptop Stand,Email,Midwest,4,194.54,0.0,778.16,False,4
2024-06-28,Clothing,Fleece Jacket,Direct,Southwest,3,94.58,0.0,283.74,False,2
2024-03-20,Beauty,Hair Mask,Referral,Northeast,4,15.01,0.05,57.04,False,3
2024-05-27,Electronics,Wireless Earbuds,Organic Search,Midwest,2,476.02,0.0,952.04,False,7
2024-04-18,Electronics,Laptop Stand,Paid Search,West,4,261.04,0.1,939.74,False,5
2024-01-10,Beauty,SPF Moisturizer,Social Media,West,5,44.36,0.0,221.8,False,6
2024-11-12,Beauty,Face Serum,Email,Northeast,3,23.41,0.1,63.21,False,6
2024-07-03,Sports,Resistance Bands,Organic Search,Northeast,1,39.48,0.1,35.53,False,6
2024-06-10,Home & Garden,Throw Pillow,Social Media,West,2,244.15,0.25,366.23,False,1
2024-01-12,Beauty,Face Serum,Organic Search,Southeast,2,25.32,0.2,40.51,False,6
2024-06-29,Beauty,SPF Moisturizer,Email,International,3,44.83,0.0,134.49,True,6
2024-01-16,Home & Garden,Scented Candle,Direct,Midwest,5,75.21,0.0,376.05,False,4
2024-09-23,Clothing,Yoga Pants,Referral,West,3,135.22,0.0,405.66,True,4
2024-06-17,Clothing,Cotton Tee,Social Media,West,2,91.77,0.15,156.01,False,5
2024-12-18,Clothing,Yoga Pants,Referral,West,2,92.86,0.05,176.43,False,3
2024-09-29,Clothing,Cotton Tee,Referral,Northeast,2,102.94,0.0,205.88,False,5
2024-07-29,Clothing,Fleece Jacket,Email,Southwest,2,112.43,0.1,202.37,False,4
2024-11-11,Home & Garden,Scented Candle,Email,West,2,34.63,0.0,69.26,True,5
2024-02-10,Beauty,Body Scrub,Referral,Southwest,2,51.96,0.05,98.72,False,3
2024-09-08,Clothing,Sneakers,Social Media,Southeast,5,77.81,0.1,350.15,False,4
2024-04-23,Clothing,Yoga Pants,Referral,International,2,19.32,0.0,38.64,False,4
2024-12-18,Clothing,Yoga Pants,Email,Southwest,1,38.73,0.2,30.98,False,4
2024-11-09,Clothing,Cotton Tee,Referral,West,4,119.01,0.15,404.63,False,4
2024-08-21,Beauty,Body Scrub,Organic Search,Southeast,5,54.97,0.0,274.85,False,4
2024-11-18,Beauty,Body Scrub,Organic Search,Southeast,4,77.92,0.0,311.68,False,5
2024-05-30,Home & Garden,Throw Pillow,Direct,Northeast,4,221.26,0.1,796.54,False,4
2024-02-27,Beauty,Hair Mask,Paid Search,West,4,67.6,0.2,216.32,False,5
2024-10-29,Beauty,Hair Mask,Referral,Southeast,4,39.71,0.2,127.07,True,4
2024-02-16,Sports,Resistance Bands,Organic Search,International,3,34.25,0.0,102.75,False,1
2024-11-09,Sports,Jump Rope,Paid Search,Southwest,1,50.43,0.15,42.87,False,5
2024-03-17,Beauty,Eye Cream,Paid Search,Southeast,1,63.47,0.1,57.12,False,6
2024-03-01,Clothing,Running Shorts,Paid Search,Southeast,4,56.28,0.2,180.1,False,2
2024-01-03,Electronics,Webcam,Direct,Southwest,3,54.49,0.2,130.78,False,5
2024-11-03,Clothing,Yoga Pants,Direct,Northeast,5,103.37,0.2,413.48,False,1
2024-01-26,Clothing,Sneakers,Paid Search,Southeast,3,98.05,0.25,220.61,False,2
2024-11-04,Electronics,Laptop Stand,Email,Midwest,1,114.42,0.0,114.42,False,7
2024-11-08,Electronics,Wireless Earbuds,Referral,International,1,236.63,0.0,236.63,False,3
2024-01-19,Beauty,Body Scrub,Organic Search,Midwest,5,23.89,0.2,95.56,False,3
2024-05-29,Home & Garden,Plant Pot,Social Media,Southeast,4,205.86,0.15,699.92,False,1
2024-11-09,Electronics,Laptop Stand,Organic Search,Northeast,3,286.17,0.25,643.88,False,2
2024-06-11,Beauty,Body Scrub,Email,West,1,44.41,0.1,39.97,False,7
2024-09-11,Beauty,Body Scrub,Social Media,Southeast,3,74.12,0.2,177.89,False,6
2024-11-16,Beauty,Hair Mask,Organic Search,International,3,77.61,0.0,232.83,False,4
2024-11-22,Clothing,Sneakers,Paid Search,Northeast,4,70.48,0.1,253.73,False,7
2024-06-14,Clothing,Fleece Jacket,Organic Search,Northeast,3,120.89,0.1,326.4,False,5
2024-06-18,Home & Garden,Plant Pot,Email,International,4,182.86,0.0,731.44,False,2
2024-10-01,Sports,Water Bottle,Email,Southwest,1,60.3,0.2,48.24,False,4
2024-04-16,Sports,Resistance Bands,Direct,International,5,32.25,0.1,145.12,False,1
2024-07-11,Home & Garden,Plant Pot,Referral,West,1,241.71,0.1,217.54,False,3
2024-06-06,Clothing,Sneakers,Referral,Midwest,5,67.2,0.0,336.0,False,7
2024-06-03,Electronics,Laptop Stand,Paid Search,West,4,88.06,0.05,334.63,False,7
2024-08-15,Home & Garden,Scented Candle,Direct,Northeast,1,98.81,0.0,98.81,False,1
2024-06-07,Sports,Gym Gloves,Email,Southeast,2,23.41,0.2,37.46,False,5
2024-09-24,Electronics,Webcam,Organic Search,Northeast,2,141.33,0.0,282.66,False,6
2024-02-22,Home & Garden,Air Purifier,Direct,International,5,218.25,0.1,982.12,False,1
2024-05-26,Home & Garden,Air Purifier,Email,West,5,191.04,0.05,907.44,False,2
2024-11-14,Home & Garden,Throw Pillow,Direct,West,1,74.44,0.0,74.44,False,1
2024-05-25,Electronics,Smart Watch,Direct,Southeast,5,206.64,0.1,929.88,False,6
2024-03-07,Clothing,Running Shorts,Organic Search,Southwest,3,97.18,0.1,262.39,False,1
2024-11-01,Electronics,Wireless Earbuds,Direct,International,4,73.21,0.15,248.91,False,6
2024-09-30,Sports,Gym Gloves,Organic Search,Southwest,3,33.31,0.05,94.93,False,6
2024-12-16,Beauty,Hair Mask,Referral,International,1,66.46,0.2,53.17,False,3
2024-05-12,Sports,Water Bottle,Email,Southwest,2,84.74,0.0,169.48,False,5
2024-06-28,Clothing,Fleece Jacket,Social Media,Southwest,3,75.74,0.0,227.22,True,1
2024-12-31,Clothing,Fleece Jacket,Organic Search,Midwest,3,95.99,0.0,287.97,False,4
2024-11-13,Beauty,Face Serum,Paid Search,West,3,47.69,0.15,121.61,False,2
2024-08-08,Clothing,Cotton Tee,Social Media,West,4,23.85,0.05,90.63,False,5
2024-10-20,Home & Garden,LED Strip,Social Media,Northeast,2,50.54,0.0,101.08,False,6
2024-06-06,Beauty,Body Scrub,Social Media,Northeast,4,33.8,0.0,135.2,False,2
2024-12-04,Beauty,Face Serum,Organic Search,Northeast,5,63.68,0.15,270.64,False,6
2024-03-17,Clothing,Yoga Pants,Social Media,West,5,136.04,0.0,680.2,False,6
2024-06-02,Home & Garden,Throw Pillow,Direct,International,5,147.7,0.05,701.57,False,3
2024-07-25,Home & Garden,Throw Pillow,Paid Search,Midwest,3,246.67,0.0,740.01,False,5
2024-07-02,Electronics,Laptop Stand,Organic Search,Midwest,5,484.55,0.0,2422.75,False,7
2024-07-14,Electronics,Smart Watch,Social Media,Southwest,4,365.0,0.15,1241.0,False,6
2024-07-15,Sports,Gym Gloves,Email,Southwest,2,61.66,0.2,98.66,False,5
2024-09-06,Clothing,Fleece Jacket,Referral,Southwest,2,32.99,0.0,65.98,False,2
2024-12-22,Clothing,Running Shorts,Direct,Southwest,2,101.06,0.15,171.8,False,7
2024-06-30,Beauty,Hair Mask,Paid Search,Southeast,4,46.13,0.25,138.39,False,4
2024-07-29,Sports,Gym Gloves,Direct,West,1,54.81,0.05,52.07,False,3
2024-12-19,Home & Garden,Air Purifier,Organic Search,Southeast,1,145.36,0.1,130.82,False,4
2024-05-05,Beauty,SPF Moisturizer,Social Media,International,4,46.64,0.25,139.92,False,1
2024-01-06,Electronics,Webcam,Social Media,Southwest,5,189.62,0.0,948.1,False,5
2024-05-30,Beauty,Eye Cream,Email,Southeast,5,61.17,0.15,259.97,False,7
2024-10-23,Electronics,Webcam,Paid Search,West,3,376.14,0.1,1015.58,True,4
2024-02-09,Electronics,Laptop Stand,Email,Midwest,5,61.28,0.2,245.12,True,5
2024-11-05,Clothing,Sneakers,Paid Search,West,3,51.88,0.1,140.08,True,1
2024-09-05,Clothing,Cotton Tee,Paid Search,West,3,123.25,0.1,332.78,False,2
2024-07-30,Electronics,Laptop Stand,Social Media,Southeast,1,484.31,0.0,484.31,False,7
2024-02-29,Sports,Foam Roller,Organic Search,Southeast,2,54.8,0.1,98.64,True,3
2024-12-27,Sports,Water Bottle,Social Media,Southwest,4,32.41,0.25,97.23,False,6
2024-08-17,Home & Garden,Scented Candle,Social Media,International,5,217.87,0.0,1089.35,False,7
2024-08-09,Home & Garden,LED Strip,Direct,International,1,32.37,0.25,24.28,False,7
2024-07-19,Home & Garden,Plant Pot,Social Media,International,3,73.1,0.0,219.3,False,5
2024-12-10,Clothing,Sneakers,Organic Search,Northeast,2,84.67,0.0,169.34,False,1
2024-05-25,Electronics,USB-C Hub,Email,Southeast,1,285.37,0.2,228.3,False,6
2024-03-03,Electronics,Wireless Earbuds,Referral,Northeast,5,90.37,0.05,429.26,False,6
2024-04-04,Electronics,Webcam,Email,Midwest,2,218.18,0.0,436.36,False,6
2024-12-07,Sports,Resistance Bands,Email,Midwest,4,82.74,0.1,297.86,False,6
2024-05-12,Clothing,Running Shorts,Email,Southeast,3,119.13,0.15,303.78,False,1
2024-11-26,Sports,Resistance Bands,Social Media,Northeast,4,87.33,0.05,331.85,False,2
2024-05-12,Clothing,Sneakers,Organic Search,Northeast,4,44.26,0.0,177.04,False,6
2024-03-17,Electronics,Wireless Earbuds,Referral,International,5,376.4,0.2,1505.6,True,4
2024-01-02,Electronics,Wireless Earbuds,Direct,International,4,168.9,0.1,608.04,False,5
2024-07-15,Sports,Water Bottle,Referral,Southwest,4,40.72,0.0,162.88,False,1
2024-07-24,Electronics,Webcam,Organic Search,International,5,469.77,0.1,2113.97,False,3
2024-05-28,Electronics,Laptop Stand,Referral,Southeast,5,433.0,0.1,1948.5,True,4
2024-02-24,Clothing,Sneakers,Referral,International,1,144.65,0.05,137.42,False,4
2024-01-19,Home & Garden,Throw Pillow,Paid Search,Northeast,1,221.45,0.2,177.16,False,2
2024-09-30,Beauty,Hair Mask,Social Media,Northeast,4,38.05,0.25,114.15,False,4
2024-11-30,Electronics,Laptop Stand,Referral,West,1,200.97,0.0,200.97,False,2
2024-03-13,Sports,Gym Gloves,Social Media,International,2,68.03,0.05,129.26,False,1
2024-01-26,Electronics,USB-C Hub,Email,Northeast,5,69.61,0.0,348.05,True,6
2024-02-28,Sports,Gym Gloves,Social Media,West,2,75.66,0.0,151.32,False,1
2024-12-13,Beauty,Hair Mask,Social Media,Midwest,1,65.9,0.15,56.02,False,7
2024-03-29,Electronics,Webcam,Email,Northeast,5,110.8,0.05,526.3,False,5
2024-03-25,Electronics,Laptop Stand,Social Media,Southeast,2,389.9,0.0,779.8,False,5
2024-09-06,Beauty,Face Serum,Organic Search,Northeast,2,18.7,0.15,31.79,False,1
2024-08-31,Electronics,Smart Watch,Referral,Southeast,1,367.03,0.1,330.33,False,7
2024-11-08,Clothing,Yoga Pants,Referral,Northeast,3,85.09,0.15,216.98,False,2
2024-06-03,Beauty,Hair Mask,Email,Southwest,4,53.01,0.0,212.04,False,7
2024-07-04,Electronics,Webcam,Direct,West,2,135.36,0.25,203.04,False,5
2024-12-16,Clothing,Cotton Tee,Social Media,Southwest,2,52.04,0.05,98.88,False,2
2024-05-08,Clothing,Yoga Pants,Email,West,1,22.24,0.1,20.02,False,4
2024-01-15,Sports,Resistance Bands,Social Media,West,1,67.97,0.25,50.98,False,7
2024-12-12,Electronics,Wireless Earbuds,Email,Southeast,2,373.63,0.1,672.53,False,6
2024-04-22,Electronics,Laptop Stand,Organic Search,Southwest,2,93.13,0.15,158.32,False,4
2024-08-20,Beauty,Eye Cream,Paid Search,Southwest,1,71.66,0.0,71.66,False,5
2024-06-20,Home & Garden,Scented Candle,Paid Search,Northeast,4,181.76,0.1,654.34,False,2
2024-06-24,Beauty,Face Serum,Paid Search,Midwest,3,21.15,0.2,50.76,False,2
2024-07-29,Beauty,Hair Mask,Direct,Southwest,5,72.67,0.25,272.51,False,1
2024-05-06,Clothing,Sneakers,Paid Search,Midwest,4,127.16,0.1,457.78,True,4
2024-08-01,Sports,Gym Gloves,Organic Search,Northeast,2,80.24,0.0,160.48,False,1
2024-12-22,Sports,Gym Gloves,Organic Search,Southwest,1,42.48,0.15,36.11,False,7
2024-04-21,Sports,Foam Roller,Paid Search,Midwest,1,53.24,0.0,53.24,False,4
2024-10-19,Home & Garden,Scented Candle,Referral,West,1,12.82,0.1,11.54,False,4
2024-07-08,Electronics,USB-C Hub,Referral,Southwest,4,396.33,0.15,1347.52,False,7
2024-08-06,Electronics,Wireless Earbuds,Email,International,4,451.05,0.1,1623.78,False,3
2024-01-29,Beauty,Body Scrub,Direct,International,5,65.23,0.0,326.15,False,3
2024-07-06,Home & Garden,Air Purifier,Paid Search,International,1,100.91,0.2,80.73,False,3
2024-05-02,Beauty,Face Serum,Direct,Northeast,5,59.53,0.05,282.77,False,3
2024-09-14,Sports,Gym Gloves,Referral,Southwest,2,69.01,0.05,131.12,False,3
2024-03-03,Home & Garden,Air Purifier,Social Media,International,1,98.48,0.2,78.78,False,5
2024-02-03,Beauty,Body Scrub,Paid Search,Southwest,3,42.28,0.1,114.16,False,6
2024-02-25,Electronics,Wireless Earbuds,Paid Search,Midwest,4,453.08,0.1,1631.09,False,1
2024-01-12,Electronics,Smart Watch,Email,Southwest,4,116.72,0.05,443.54,False,6
2024-05-29,Beauty,Hair Mask,Paid Search,Northeast,4,35.23,0.2,112.74,False,1
2024-11-26,Electronics,Smart Watch,Email,Southwest,5,339.1,0.15,1441.17,False,6
2024-06-05,Beauty,Body Scrub,Paid Search,Midwest,5,41.83,0.1,188.23,False,7
2024-08-21,Clothing,Cotton Tee,Paid Search,West,3,145.08,0.0,435.24,False,3
2024-12-07,Clothing,Sneakers,Paid Search,Southeast,3,39.43,0.0,118.29,False,6
2024-04-04,Clothing,Running Shorts,Paid Search,West,1,148.17,0.0,148.17,False,3
2024-09-30,Electronics,Laptop Stand,Email,Northeast,3,115.57,0.2,277.37,False,2
2024-01-03,Electronics,USB-C Hub,Referral,West,4,394.83,0.2,1263.46,False,2
2024-10-20,Beauty,SPF Moisturizer,Referral,Southeast,3,43.75,0.1,118.12,False,7
2024-12-13,Beauty,Eye Cream,Direct,Northeast,3,58.17,0.2,139.61,False,2
2024-06-16,Home & Garden,Air Purifier,Organic Search,West,4,157.21,0.05,597.4,False,1
2024-10-02,Clothing,Sneakers,Social Media,International,5,44.77,0.1,201.47,False,1
2024-01-29,Electronics,Webcam,Referral,Midwest,4,136.5,0.1,491.4,False,5
2024-06-28,Sports,Foam Roller,Email,Southwest,4,37.94,0.1,136.58,True,3
2024-08-14,Beauty,Face Serum,Email,Southeast,2,60.77,0.2,97.23,False,4
2024-08-31,Sports,Water Bottle,Direct,Midwest,2,75.68,0.0,151.36,False,3
2024-07-31,Electronics,Webcam,Paid Search,West,4,88.8,0.15,301.92,False,3
2024-01-22,Sports,Gym Gloves,Email,West,2,24.14,0.15,41.04,False,4
2024-03-19,Home & Garden,Throw Pillow,Email,Midwest,5,186.57,0.05,886.21,True,1
2024-05-05,Sports,Resistance Bands,Organic Search,Northeast,3,41.79,0.2,100.3,False,6
2024-08-11,Home & Garden,Throw Pillow,Email,International,1,152.73,0.1,137.46,False,5
2024-10-24,Sports,Resistance Bands,Organic Search,Southeast,3,49.51,0.0,148.53,False,2
2024-11-21,Home & Garden,Throw Pillow,Email,Northeast,2,94.77,0.0,189.54,False,4
2024-11-17,Home & Garden,Plant Pot,Paid Search,Northeast,5,162.35,0.0,811.75,False,7
2024-06-03,Beauty,Hair Mask,Email,International,5,33.61,0.1,151.25,False,6
2024-05-24,Home & Garden,Air Purifier,Email,Southwest,5,148.21,0.0,741.05,True,5
2024-04-06,Sports,Jump Rope,Direct,West,2,16.3,0.0,32.6,False,7
2024-02-29,Beauty,Body Scrub,Paid Search,Northeast,5,59.05,0.0,295.25,False,1
2024-09-24,Sports,Jump Rope,Email,Southeast,3,63.98,0.0,191.94,False,5
2024-03-05,Home & Garden,Air Purifier,Paid Search,Southeast,1,62.37,0.0,62.37,False,3
2024-04-10,Electronics,USB-C Hub,Organic Search,Northeast,1,83.98,0.2,67.18,False,1
2024-12-07,Beauty,Body Scrub,Organic Search,Northeast,1,43.43,0.1,39.09,True,3
2024-01-15,Electronics,Webcam,Organic Search,Southeast,2,313.42,0.05,595.5,False,3
2024-05-03,Home & Garden,LED Strip,Direct,West,3,93.53,0.25,210.44,False,5
2024-05-24,Electronics,Wireless Earbuds,Paid Search,West,5,392.46,0.25,1471.72,False,2
2024-04-04,Electronics,Wireless Earbuds,Social Media,International,2,463.21,0.2,741.14,False,5
2024-07-27,Electronics,Smart Watch,Organic Search,Midwest,3,490.59,0.15,1251.0,False,2
2024-05-27,Electronics,USB-C Hub,Direct,International,1,282.88,0.2,226.3,False,6
2024-06-08,Electronics,Wireless Earbuds,Referral,Southwest,3,271.17,0.15,691.48,False,5
2024-08-31,Clothing,Sneakers,Referral,Midwest,4,53.94,0.15,183.4,False,1
2024-12-12,Clothing,Running Shorts,Organic Search,Northeast,4,105.06,0.15,357.2,False,6
2024-02-03,Clothing,Cotton Tee,Email,Southeast,4,108.13,0.0,432.52,False,2
2024-08-05,Home & Garden,Scented Candle,Referral,Southwest,5,211.57,0.15,899.17,False,7
2024-11-04,Home & Garden,LED Strip,Social Media,Southwest,5,74.51,0.15,316.67,False,6
2024-09-11,Beauty,SPF Moisturizer,Paid Search,International,2,63.46,0.0,126.92,False,4
2024-04-01,Clothing,Running Shorts,Social Media,West,1,113.86,0.0,113.86,False,1
2024-09-23,Home & Garden,Scented Candle,Social Media,Southwest,3,158.27,0.0,474.81,False,6
2024-10-03,Clothing,Fleece Jacket,Direct,Northeast,4,80.69,0.1,290.48,False,7
2024-08-23,Electronics,USB-C Hub,Organic Search,Northeast,1,221.63,0.1,199.47,False,4
2024-06-08,Clothing,Sneakers,Referral,Southwest,3,133.55,0.0,400.65,False,2
2024-08-28,Sports,Resistance Bands,Social Media,West,5,62.68,0.25,235.05,False,5
2024-11-11,Clothing,Sneakers,Referral,Midwest,1,67.45,0.2,53.96,False,4
2024-06-27,Home & Garden,Plant Pot,Referral,West,1,15.76,0.0,15.76,False,3
2024-06-28,Electronics,Laptop Stand,Organic Search,International,4,92.81,0.1,334.12,False,4
2024-06-05,Clothing,Yoga Pants,Organic Search,Midwest,2,101.84,0.0,203.68,False,1
2024-10-17,Clothing,Running Shorts,Direct,Southwest,5,58.7,0.2,234.8,False,4
2024-06-14,Home & Garden,Air Purifier,Direct,Northeast,4,150.12,0.1,540.43,False,4
2024-06-22,Sports,Resistance Bands,Paid Search,West,2,35.21,0.25,52.81,False,6
2024-04-19,Home & Garden,Plant Pot,Email,Midwest,4,57.42,0.0,229.68,False,5
2024-10-23,Electronics,Laptop Stand,Organic Search,West,5,229.91,0.05,1092.07,False,1
2024-06-26,Home & Garden,Plant Pot,Organic Search,International,1,144.94,0.25,108.7,False,2
2024-07-24,Home & Garden,LED Strip,Email,West,3,112.9,0.25,254.03,False,4
2024-04-05,Beauty,Eye Cream,Direct,Southwest,5,24.1,0.0,120.5,False,5
2024-08-10,Clothing,Cotton Tee,Direct,International,3,140.58,0.25,316.31,False,7
2024-12-16,Electronics,Webcam,Email,Southwest,2,212.92,0.0,425.84,False,6
2024-11-26,Sports,Jump Rope,Paid Search,Midwest,1,59.35,0.15,50.45,False,3
2024-06-07,Beauty,Hair Mask,Social Media,Southwest,4,27.98,0.0,111.92,False,2
2024-03-10,Beauty,Eye Cream,Organic Search,Midwest,4,55.34,0.0,221.36,False,3
2024-01-11,Home & Garden,LED Strip,Organic Search,Northeast,2,163.63,0.0,327.26,False,4
2024-12-02,Home & Garden,LED Strip,Organic Search,Southwest,3,217.12,0.15,553.66,False,6
2024-12-06,Clothing,Yoga Pants,Direct,West,1,91.51,0.25,68.63,False,5
2024-06-17,Home & Garden,Throw Pillow,Direct,International,1,66.14,0.0,66.14,False,3
2024-08-13,Sports,Foam Roller,Social Media,Midwest,4,25.66,0.0,102.64,False,3
2024-08-31,Beauty,Face Serum,Referral,Southeast,4,47.74,0.0,190.96,False,4
2024-11-26,Home & Garden,Scented Candle,Direct,Northeast,3,123.05,0.1,332.24,False,1
2024-07-04,Electronics,Smart Watch,Referral,Northeast,3,297.73,0.1,803.87,False,6
2024-06-03,Beauty,Hair Mask,Organic Search,Southeast,4,38.03,0.15,129.3,False,3
2024-11-25,Home & Garden,Scented Candle,Social Media,Northeast,2,228.81,0.1,411.86,False,7
2024-08-04,Home & Garden,Air Purifier,Organic Search,Southeast,4,122.06,0.15,415.0,False,3
2024-12-21,Home & Garden,LED Strip,Organic Search,Northeast,1,93.45,0.25,70.09,False,4
2024-10-21,Clothing,Cotton Tee,Organic Search,Northeast,2,15.41,0.05,29.28,False,3
2024-07-29,Clothing,Yoga Pants,Email,Southwest,5,110.62,0.0,553.1,False,6
2024-02-13,Sports,Foam Roller,Social Media,Midwest,3,22.05,0.1,59.54,False,2
2024-10-12,Clothing,Cotton Tee,Referral,West,4,141.6,0.05,538.08,True,1
2024-08-07,Clothing,Running Shorts,Direct,Midwest,4,41.57,0.0,166.28,True,5
2024-08-10,Clothing,Running Shorts,Social Media,International,3,37.8,0.0,113.4,True,5
2024-05-16,Sports,Resistance Bands,Email,International,2,65.8,0.05,125.02,False,7
2024-05-24,Sports,Water Bottle,Referral,International,2,42.94,0.05,81.59,False,7
2024-04-30,Clothing,Cotton Tee,Direct,Southwest,2,69.74,0.0,139.48,True,3
2024-03-09,Clothing,Fleece Jacket,Email,International,5,106.69,0.2,426.76,True,4
2024-01-31,Sports,Foam Roller,Organic Search,Midwest,4,65.38,0.1,235.37,True,5
2024-11-13,Clothing,Cotton Tee,Social Media,Midwest,3,148.56,0.0,445.68,True,5
2024-05-13,Sports,Jump Rope,Paid Search,West,2,86.41,0.25,129.62,True,2
2024-03-13,Sports,Jump Rope,Email,Northeast,4,18.69,0.1,67.28,False,4
2024-05-24,Home & Garden,Air Purifier,Email,West,2,128.81,0.1,231.86,False,4
2024-03-18,Home & Garden,LED Strip,Direct,International,3,113.59,0.0,340.77,False,4
2024-05-13,Sports,Resistance Bands,Paid Search,International,2,20.04,0.05,38.08,False,4
2024-12-29,Sports,Water Bottle,Direct,Southwest,1,88.61,0.2,70.89,True,3
2024-04-14,Sports,Water Bottle,Email,Southeast,1,76.51,0.0,76.51,False,1
2024-09-26,Clothing,Sneakers,Direct,Southeast,3,90.48,0.05,257.87,False,1
2024-05-25,Sports,Resistance Bands,Referral,International,2,70.23,0.0,140.46,False,1
2024-01-15,Electronics,USB-C Hub,Organic Search,Southwest,3,314.65,0.0,943.95,False,2
2024-12-01,Sports,Water Bottle,Direct,Southwest,3,56.13,0.0,168.39,False,1
2024-06-14,Home & Garden,LED Strip,Organic Search,International,2,59.73,0.0,119.46,False,3
2024-07-23,Electronics,Webcam,Organic Search,Northeast,5,220.63,0.15,937.68,False,2
2024-03-19,Clothing,Yoga Pants,Organic Search,Midwest,4,119.45,0.1,430.02,False,6
2024-07-07,Sports,Water Bottle,Direct,Southeast,3,81.2,0.0,243.6,False,1
2024-07-07,Sports,Water Bottle,Direct,Southeast,4,46.59,0.15,158.41,False,4
2024-04-24,Sports,Water Bottle,Referral,International,1,11.28,0.1,10.15,False,6
2024-08-11,Clothing,Cotton Tee,Organic Search,Southwest,5,99.36,0.25,372.6,True,4
2024-08-06,Home & Garden,Scented Candle,Email,West,2,173.24,0.1,311.83,False,5
2024-07-30,Electronics,Webcam,Organic Search,Southwest,1,461.79,0.25,346.34,False,4
2024-02-28,Beauty,SPF Moisturizer,Referral,International,3,29.08,0.0,87.24,False,1
2024-06-01,Sports,Foam Roller,Email,West,2,76.28,0.0,152.56,True,6
2024-04-05,Sports,Water Bottle,Paid Search,Southeast,5,73.43,0.1,330.44,False,7
2024-01-03,Electronics,Webcam,Social Media,Northeast,3,441.23,0.0,1323.69,False,1
2024-11-04,Electronics,Smart Watch,Referral,Southwest,4,256.07,0.15,870.64,False,6
2024-03-05,Home & Garden,LED Strip,Paid Search,Northeast,5,95.57,0.15,406.17,False,1
2024-09-03,Clothing,Running Shorts,Referral,Southeast,1,108.27,0.05,102.86,False,2
2024-08-30,Clothing,Cotton Tee,Social Media,Northeast,5,40.58,0.1,182.61,False,2
2024-01-11,Electronics,Smart Watch,Social Media,West,2,381.45,0.2,610.32,False,4
2024-02-22,Clothing,Yoga Pants,Referral,International,3,91.3,0.15,232.81,True,1
2024-09-06,Sports,Water Bottle,Social Media,Southwest,4,67.7,0.25,203.1,False,1
2024-09-27,Beauty,Body Scrub,Organic Search,Southwest,5,74.66,0.2,298.64,False,1
2024-09-10,Beauty,SPF Moisturizer,Direct,International,5,16.26,0.15,69.11,False,1
2024-06-25,Home & Garden,Throw Pillow,Social Media,Southeast,4,13.99,0.1,50.36,False,4
2024-12-02,Beauty,Hair Mask,Social Media,Southeast,5,72.91,0.1,328.09,False,7
2024-03-23,Home & Garden,Throw Pillow,Direct,Southeast,4,208.94,0.1,752.18,False,7
2024-02-21,Home & Garden,Air Purifier,Social Media,Southwest,4,39.98,0.05,151.92,False,4
2024-07-01,Home & Garden,Scented Candle,Referral,Southeast,2,142.64,0.0,285.28,False,3
2024-04-26,Clothing,Sneakers,Organic Search,West,1,123.11,0.1,110.8,False,5
2024-10-12,Clothing,Cotton Tee,Email,Southeast,3,148.15,0.1,400.01,False,7
2024-02-26,Beauty,Body Scrub,Organic Search,West,1,59.33,0.2,47.46,False,7
2024-04-15,Beauty,Face Serum,Email,Southeast,5,14.81,0.0,74.05,False,1
2024-06-20,Home & Garden,Throw Pillow,Paid Search,Northeast,5,128.61,0.0,643.05,False,3
2024-08-30,Clothing,Cotton Tee,Email,Midwest,4,118.08,0.0,472.32,False,7
2024-05-05,Beauty,Hair Mask,Paid Search,West,1,29.82,0.15,25.35,False,6
2024-09-21,Sports,Foam Roller,Referral,Midwest,2,72.94,0.15,124.0,False,4
2024-06-22,Electronics,USB-C Hub,Email,Southwest,2,395.57,0.25,593.36,False,1
2024-03-18,Clothing,Cotton Tee,Direct,Northeast,1,67.7,0.0,67.7,False,6
2024-06-09,Beauty,SPF Moisturizer,Email,Northeast,4,38.93,0.25,116.79,False,6
2024-10-05,Home & Garden,LED Strip,Direct,West,5,229.91,0.15,977.12,False,2
2024-06-20,Sports,Jump Rope,Social Media,International,4,70.81,0.1,254.92,True,5
2024-09-23,Clothing,Sneakers,Email,International,5,53.05,0.0,265.25,False,3
2024-06-04,Clothing,Running Shorts,Referral,Southwest,1,134.3,0.25,100.73,False,2
2024-03-04,Beauty,Face Serum,Organic Search,International,1,68.39,0.1,61.55,False,3
2024-10-24,Electronics,USB-C Hub,Direct,International,3,306.6,0.0,919.8,False,2
2024-10-20,Beauty,Body Scrub,Referral,Southeast,2,35.47,0.1,63.85,False,7
2024-07-03,Sports,Gym Gloves,Social Media,Northeast,2,16.52,0.25,24.78,False,7
2024-08-31,Clothing,Cotton Tee,Paid Search,Southwest,4,25.98,0.0,103.92,False,2
2024-05-15,Electronics,Laptop Stand,Direct,Southwest,5,230.24,0.25,863.4,False,4
2024-09-15,Sports,Water Bottle,Paid Search,Southwest,4,67.27,0.15,228.72,False,2
2024-08-30,Sports,Foam Roller,Organic Search,International,5,77.93,0.0,389.65,False,4
2024-02-26,Clothing,Sneakers,Organic Search,Midwest,3,138.51,0.0,415.53,False,4
2024-06-04,Beauty,SPF Moisturizer,Email,Southwest,1,47.03,0.0,47.03,False,3
2024-05-25,Electronics,Smart Watch,Paid Search,Southeast,2,401.71,0.15,682.91,True,3
2024-09-03,Sports,Resistance Bands,Direct,Midwest,1,52.35,0.0,52.35,False,4
2024-11-06,Beauty,Eye Cream,Paid Search,Southeast,3,64.35,0.2,154.44,False,7
2024-02-15,Beauty,Eye Cream,Direct,International,4,56.7,0.0,226.8,False,3
2024-12-09,Beauty,Eye Cream,Social Media,International,4,27.6,0.15,93.84,False,1
2024-11-25,Home & Garden,Air Purifier,Direct,Northeast,2,178.73,0.1,321.71,False,1
2024-04-06,Clothing,Sneakers,Social Media,West,5,92.3,0.0,461.5,False,5
2024-05-05,Electronics,Wireless Earbuds,Referral,West,5,129.88,0.0,649.4,False,2
2024-01-12,Sports,Resistance Bands,Email,Southwest,5,57.16,0.15,242.93,False,4
2024-02-28,Clothing,Cotton Tee,Organic Search,West,1,130.19,0.1,117.17,False,1
2024-12-13,Clothing,Fleece Jacket,Paid Search,Northeast,2,39.48,0.0,78.96,False,4
2024-06-12,Beauty,SPF Moisturizer,Paid Search,Southwest,2,13.82,0.0,27.64,False,1
2024-11-01,Home & Garden,Plant Pot,Direct,Southeast,4,234.98,0.0,939.92,True,2
2024-08-25,Sports,Gym Gloves,Direct,Southwest,5,39.19,0.0,195.95,False,3
2024-05-17,Electronics,USB-C Hub,Direct,West,1,232.37,0.05,220.75,False,1
2024-08-16,Electronics,Smart Watch,Organic Search,International,5,342.2,0.0,1711.0,False,4
2024-08-04,Beauty,Hair Mask,Direct,Southwest,2,37.01,0.0,74.02,False,5
2024-01-01,Electronics,Wireless Earbuds,Organic Search,Southwest,4,481.5,0.1,1733.4,False,2
2024-11-19,Home & Garden,LED Strip,Paid Search,West,3,210.48,0.15,536.72,False,7
2024-02-15,Beauty,SPF Moisturizer,Social Media,International,1,22.81,0.25,17.11,False,3
2024-06-11,Electronics,Smart Watch,Referral,Midwest,5,498.47,0.15,2118.5,False,5
2024-11-02,Home & Garden,Throw Pillow,Email,Northeast,3,68.02,0.1,183.65,False,4
2024-10-11,Clothing,Running Shorts,Referral,International,5,78.85,0.0,394.25,False,4
2024-12-09,Sports,Water Bottle,Social Media,International,5,14.57,0.0,72.85,False,7
2024-12-22,Electronics,Laptop Stand,Organic Search,Northeast,4,421.36,0.1,1516.9,False,7
2024-05-23,Sports,Jump Rope,Referral,International,2,44.01,0.05,83.62,False,7
2024-04-29,Home & Garden,Scented Candle,Social Media,Midwest,1,204.91,0.1,184.42,False,2
2024-11-22,Electronics,Laptop Stand,Social Media,Northeast,4,456.03,0.05,1732.91,True,7
2024-10-16,Home & Garden,LED Strip,Referral,International,5,127.56,0.25,478.35,False,6
2024-05-12,Beauty,Body Scrub,Direct,Southeast,2,16.38,0.0,32.76,False,2
2024-12-13,Beauty,SPF Moisturizer,Direct,West,2,68.79,0.0,137.58,False,6
2024-01-27,Home & Garden,LED Strip,Email,Southwest,4,9.47,0.15,32.2,False,6
2024-01-23,Sports,Jump Rope,Referral,Southeast,1,63.09,0.2,50.47,False,5
2024-06-20,Electronics,Laptop Stand,Organic Search,West,4,288.58,0.1,1038.89,True,2
2024-06-08,Electronics,Smart Watch,Organic Search,International,4,480.0,0.05,1824.0,False,3
2024-06-20,Electronics,Wireless Earbuds,Email,Southeast,4,243.38,0.0,973.52,False,6
2024-05-01,Electronics,USB-C Hub,Organic Search,West,2,480.46,0.0,960.92,False,5
2024-01-18,Beauty,Eye Cream,Social Media,Midwest,1,53.9,0.0,53.9,True,1
2024-11-16,Electronics,Smart Watch,Social Media,Northeast,1,462.6,0.2,370.08,True,5
2024-07-29,Electronics,Wireless Earbuds,Paid Search,West,5,72.49,0.15,308.08,False,5
2024-02-21,Beauty,Face Serum,Email,International,4,37.72,0.15,128.25,False,5
2024-10-31,Electronics,USB-C Hub,Referral,Northeast,5,196.69,0.05,934.28,False,1
2024-09-03,Beauty,Hair Mask,Referral,West,5,20.44,0.25,76.65,False,4
2024-10-26,Sports,Foam Roller,Social Media,West,2,19.15,0.0,38.3,True,3
2024-11-04,Home & Garden,Plant Pot,Email,Midwest,5,221.45,0.0,1107.25,False,3
2024-10-13,Home & Garden,Air Purifier,Organic Search,Southwest,5,149.75,0.0,748.75,True,5
2024-04-06,Home & Garden,Scented Candle,Referral,Southwest,2,162.73,0.05,309.19,False,3
2024-06-17,Sports,Gym Gloves,Paid Search,Northeast,3,77.01,0.1,207.93,False,4
2024-04-27,Sports,Resistance Bands,Social Media,West,4,25.77,0.0,103.08,False,6
2024-04-15,Clothing,Yoga Pants,Social Media,Southeast,4,113.43,0.1,408.35,False,4
2024-05-28,Electronics,Laptop Stand,Social Media,Southeast,1,82.18,0.0,82.18,False,2
2024-04-22,Beauty,SPF Moisturizer,Email,International,1,77.35,0.05,73.48,False,2
2024-05-14,Clothing,Fleece Jacket,Organic Search,Northeast,5,47.96,0.05,227.81,True,7
2024-07-08,Clothing,Cotton Tee,Email,International,1,60.34,0.05,57.32,False,2
2024-04-07,Clothing,Sneakers,Paid Search,West,5,133.14,0.0,665.7,False,2
2024-11-11,Sports,Jump Rope,Direct,Southeast,3,56.56,0.05,161.2,False,7
2024-03-05,Beauty,SPF Moisturizer,Direct,West,2,33.95,0.0,67.9,False,3
2024-11-26,Sports,Foam Roller,Direct,Midwest,1,71.56,0.0,71.56,False,4
2024-09-10,Sports,Gym Gloves,Social Media,Midwest,4,22.5,0.1,81.0,False,4
2024-08-19,Beauty,Eye Cream,Paid Search,Southwest,5,55.53,0.05,263.77,False,2
2024-05-10,Clothing,Fleece Jacket,Direct,Northeast,4,134.09,0.0,536.36,False,3
2024-08-26,Clothing,Running Shorts,Direct,West,3,74.56,0.1,201.31,False,1
2024-06-11,Home & Garden,Throw Pillow,Email,Southwest,4,121.21,0.15,412.11,False,4
2024-05-30,Electronics,Smart Watch,Direct,West,4,154.21,0.0,616.84,False,1
2024-01-20,Beauty,Face Serum,Direct,Southeast,3,74.08,0.0,222.24,False,3
2024-03-11,Home & Garden,Scented Candle,Referral,International,3,69.01,0.1,186.33,False,5
2024-07-25,Beauty,SPF Moisturizer,Social Media,West,1,63.6,0.1,57.24,False,7
2024-04-26,Electronics,USB-C Hub,Referral,International,5,494.17,0.0,2470.85,False,2
2024-08-24,Clothing,Cotton Tee,Email,Northeast,2,84.12,0.25,126.18,False,6
2024-10-12,Home & Garden,Scented Candle,Organic Search,Midwest,4,193.83,0.15,659.02,False,4
2024-06-30,Clothing,Sneakers,Email,Southeast,2,55.95,0.0,111.9,False,6
2024-01-12,Sports,Water Bottle,Direct,Northeast,4,69.79,0.25,209.37,False,5
2024-07-19,Clothing,Yoga Pants,Organic Search,West,3,91.14,0.15,232.41,False,2
2024-02-17,Sports,Foam Roller,Paid Search,Northeast,4,16.8,0.2,53.76,False,3
2024-02-05,Beauty,Hair Mask,Social Media,Midwest,1,67.37,0.2,53.9,True,2
2024-09-22,Clothing,Yoga Pants,Organic Search,Southeast,3,103.38,0.0,310.14,False,3
2024-09-01,Home & Garden,Throw Pillow,Referral,Northeast,4,46.69,0.0,186.76,False,4
2024-12-06,Sports,Foam Roller,Social Media,Southeast,2,78.51,0.1,141.32,False,6
2024-05-21,Beauty,Body Scrub,Paid Search,Northeast,3,51.36,0.25,115.56,False,4
2024-09-08,Clothing,Cotton Tee,Social Media,Southwest,1,125.49,0.05,119.22,False,5
2024-12-30,Beauty,Face Serum,Email,Southwest,1,31.29,0.2,25.03,False,7
2024-04-03,Beauty,Hair Mask,Referral,West,4,28.69,0.15,97.55,False,6
2024-10-02,Electronics,USB-C Hub,Email,International,1,156.86,0.0,156.86,False,6
2024-02-09,Electronics,Smart Watch,Organic Search,West,4,234.08,0.25,702.24,False,3
2024-01-14,Home & Garden,Throw Pillow,Organic Search,International,4,48.56,0.05,184.53,False,4
2024-05-08,Sports,Water Bottle,Organic Search,International,3,68.42,0.05,195.0,False,1
2024-05-04,Clothing,Fleece Jacket,Referral,Southwest,4,79.96,0.0,319.84,True,6
2024-02-21,Clothing,Cotton Tee,Paid Search,Midwest,3,127.77,0.0,383.31,False,5
2024-08-13,Electronics,Webcam,Email,Southeast,4,124.8,0.0,499.2,False,2
2024-09-24,Clothing,Running Shorts,Referral,International,5,43.97,0.0,219.85,False,7
2024-04-13,Electronics,USB-C Hub,Paid Search,Midwest,3,248.79,0.0,746.37,True,4
2024-04-08,Clothing,Yoga Pants,Referral,International,1,17.15,0.0,17.15,False,3
2024-07-31,Electronics,Smart Watch,Direct,Northeast,1,407.62,0.0,407.62,False,1
2024-08-07,Home & Garden,Plant Pot,Organic Search,Southeast,5,159.43,0.05,757.29,False,4
2024-01-07,Clothing,Running Shorts,Social Media,Southeast,3,58.33,0.0,174.99,False,3
2024-01-23,Sports,Foam Roller,Organic Search,Southeast,1,61.29,0.1,55.16,False,3
2024-10-18,Sports,Jump Rope,Paid Search,Midwest,5,48.47,0.0,242.35,False,7
2024-12-21,Electronics,Webcam,Paid Search,Midwest,3,490.64,0.15,1251.13,False,7
2024-08-17,Clothing,Fleece Jacket,Social Media,West,4,24.05,0.0,96.2,False,5
2024-03-04,Clothing,Sneakers,Email,Southeast,5,109.42,0.0,547.1,False,5
2024-04-13,Sports,Foam Roller,Paid Search,Southwest,5,14.43,0.0,72.15,False,3
2024-03-09,Clothing,Running Shorts,Email,Midwest,2,138.74,0.2,221.98,False,3
2024-06-18,Electronics,Webcam,Email,Southeast,4,340.62,0.1,1226.23,False,2
2024-04-23,Clothing,Sneakers,Direct,Southwest,1,136.49,0.05,129.67,False,6
2024-02-05,Beauty,SPF Moisturizer,Paid Search,Northeast,2,41.64,0.0,83.28,True,4
2024-04-30,Clothing,Yoga Pants,Direct,Northeast,2,27.3,0.25,40.95,False,2
2024-11-06,Sports,Water Bottle,Paid Search,Midwest,3,21.3,0.05,60.71,False,2
